Student_ID,Attendance_Rate,Grades,Socioeconomic_Status,Parent_Education_Level,School_Resources,Behavioral_Issues,Distance_to_School,Dropout_Risk
ID_1,68.72700594236812,51.10797573031718,Low,Some College,Moderate,No,13.316882127478618,1
ID_2,97.53571532049581,72.51405684270148,Low,Some College,High,No,4.275340879998158,0
ID_3,86.59969709057026,92.37675015258449,High,High School,Moderate,No,17.575496703741482,0
ID_4,79.93292420985183,83.93349318457368,Low,Some College,Low,No,12.649208542315588,0
ID_5,57.80093202212183,88.39366887168698,Low,Some College,Low,No,3.9868737875821307,1
ID_6,57.79972601681013,79.52700200264304,Middle,Bachelor's,Low,Yes,19.28442309214293,1
ID_7,52.90418060840997,81.53659387107115,Middle,Bachelor's,Moderate,No,10.848943803371093,1
ID_8,93.30880728874675,90.95173909391916,Middle,No High School,Moderate,No,2.385070585561445,0
ID_9,80.05575058716045,54.98008053155115,Low,Some College,Moderate,Yes,12.909825183886277,1
ID_10,85.40362888980228,69.36549781858844,Middle,No High School,Low,No,5.8107792332433945,0
ID_11,51.029224714790125,53.27256650917613,Low,Some College,Low,Yes,16.270175585668746,1
ID_12,98.49549260809971,99.26008047979883,Low,High School,Moderate,No,16.53861939775762,0
ID_13,91.62213204002109,96.64356038119679,High,High School,Moderate,No,19.599999761238575,0
ID_14,60.61695553391381,42.365608682110356,Low,High School,Low,No,10.53552108946557,1
ID_15,59.09124836035503,82.33451035094131,Middle,Some College,Moderate,Yes,9.644180714827005,1
ID_16,59.17022549267169,95.51489904493995,Middle,High School,Low,Yes,15.316036503483131,1
ID_17,65.21211214797688,50.83452070764001,Low,Some College,High,Yes,3.5169424704966046,1
ID_18,76.2378215816119,74.07671383315777,High,High School,High,No,11.39139476206936,0
ID_19,71.5972509321058,94.92929785528251,Low,No High School,Low,No,11.378704402486168,0
ID_20,64.5614570099021,42.03675871514793,Middle,Some College,Low,No,2.6999893333973572,1
ID_21,80.59264473611897,81.84521603481039,High,High School,Moderate,No,8.941697624631358,0
ID_22,56.97469303260209,57.840940442353045,Middle,High School,Low,No,17.212411172776836,1
ID_23,64.6072324267609,95.46377172259182,High,Some College,Moderate,No,17.266918817898546,1
ID_24,68.31809216468459,98.26349470992207,Low,High School,High,No,2.885515633473939,1
ID_25,72.8034992108518,96.65598934680604,Middle,No High School,Moderate,No,2.723696772208786,0
ID_26,89.25879806965068,68.45285299944783,Low,High School,High,No,5.991214063036771,0
ID_27,59.98368910791799,91.72255905935882,Middle,Bachelor's,Moderate,Yes,17.620555188525877,1
ID_28,75.71172192068059,90.67296391210422,High,Some College,Low,Yes,3.44914911639648,0
ID_29,79.62072844310212,59.146028394595334,Low,Some College,Moderate,No,14.679939249921478,1
ID_30,52.32252063599989,89.73492844904064,Middle,Some College,Moderate,Yes,2.9221467726489614,1
ID_31,80.37724259507192,42.220458082929554,Low,No High School,Moderate,No,12.839619221208682,1
ID_32,58.526206184364575,75.77619270892319,Middle,High School,Low,No,7.765278683263752,1
ID_33,53.25257964926398,53.80053023726218,Middle,Some College,Low,No,15.989365296351473,1
ID_34,97.44427686266667,47.23401314663673,High,No High School,High,No,5.440118527681909,1
ID_35,98.28160165372796,44.61719209775255,Middle,High School,Low,Yes,13.144834758409237,1
ID_36,90.41986740582306,81.77732655268838,Low,High School,High,No,5.477968156941814,0
ID_37,65.23068845866854,60.39249782608397,Low,High School,High,No,14.559545379130922,1
ID_38,54.883605700319194,83.48600629172569,Low,Postgraduate,Moderate,No,17.599882656654227,1
ID_39,84.21165132560785,43.92138044793654,Low,No High School,Moderate,No,3.409234183408441,1
ID_40,72.00762468698007,58.91742026983662,Low,Some College,Moderate,No,17.465318083314568,1
ID_41,56.10191174223894,72.36947754252023,High,No High School,High,No,12.27792983387166,1
ID_42,74.75884550556351,87.44338989033781,Middle,Postgraduate,Low,No,3.4150993264734555,0
ID_43,51.71942605576092,59.12515017592419,Middle,No High School,Moderate,Yes,9.123295251834529,1
ID_44,95.4660201039391,77.55348258622055,Low,High School,Moderate,No,4.056345576216859,0
ID_45,62.93899908000085,93.15866489417124,High,Some College,Moderate,No,14.30660988846482,1
ID_46,83.1261142176991,76.95179129093827,Middle,Some College,Moderate,No,15.418494553941043,0
ID_47,65.58555380447055,53.97756848521803,Low,High School,Moderate,No,3.0101338851831803,1
ID_48,76.00340105889055,41.46404689339228,Middle,High School,Moderate,No,10.616657201198242,1
ID_49,77.33551396716399,92.2059324340558,Middle,High School,High,No,16.477876064492428,0
ID_50,59.24272277627635,41.27616465102323,Low,High School,Low,No,18.787097789468934,1
ID_51,98.47923138822793,92.48210036105196,Middle,High School,High,Yes,10.75683946809363,0
ID_52,88.75664116805572,71.73622804163273,Middle,High School,Moderate,No,19.055305248616733,0
ID_53,96.97494707820945,96.34406191077377,Low,High School,High,Yes,11.178090438664567,1
ID_54,94.74136752138244,87.92699414641993,High,High School,Moderate,Yes,8.48961939739825,0
ID_55,79.89499894055426,99.87604663200025,High,Some College,Moderate,No,17.115859442505013,0
ID_56,96.09371175115584,61.04270892710261,Middle,Postgraduate,Low,No,10.366671498703692,0
ID_57,54.424625102595975,86.0312973358676,Middle,Some College,High,No,9.966147700725937,1
ID_58,59.79914312095726,64.11585481655453,Middle,No High School,Low,Yes,10.315937298786737,1
ID_59,52.2613644455269,68.79253721823453,Middle,No High School,High,No,17.08891503552516,1
ID_60,66.26651653816322,77.6503277931022,Middle,Postgraduate,High,No,16.806889292072988,1
ID_61,69.4338644844741,92.42062685118032,Low,High School,Low,No,8.666879856364012,1
ID_62,63.567451588694794,99.04500815195772,Middle,No High School,Low,No,7.332697337539975,1
ID_63,91.43687545759647,86.0964048318711,High,Some College,Moderate,No,10.346632456743457,0
ID_64,67.83766633467947,65.06600693004003,Middle,Some College,Low,No,11.88267768500507,1
ID_65,64.04672548436903,65.2814201366242,Low,Some College,High,No,5.528407001931942,1
ID_66,77.13480415791243,84.25493809533349,Middle,High School,Low,Yes,16.085146609596222,0
ID_67,57.04621124873813,54.32662874609814,Low,No High School,Low,No,10.243172548916036,1
ID_68,90.10984903770199,46.62844678788368,Low,Postgraduate,High,No,7.346865419979232,1
ID_69,53.727532183988544,61.27732945844659,Low,High School,Moderate,No,3.0295988663158218,1
ID_70,99.34434683002587,57.2343394992449,Low,Some College,High,Yes,5.538058047668532,1
ID_71,88.61223846483287,57.778487227359406,Middle,Some College,Moderate,No,19.03634226336369,1
ID_72,59.93578407670862,54.0164650629946,Middle,Some College,Moderate,No,6.796894049571005,1
ID_73,50.27610585618012,42.525591378181716,Low,High School,Moderate,No,4.208326497973671,1
ID_74,90.77307142274171,41.07243608400483,High,High School,Moderate,Yes,9.752783041444872,1
ID_75,85.34286719238085,99.26334338416189,High,Some College,Moderate,No,6.834667123844725,0
ID_76,86.45035840204937,65.66638802415174,High,Bachelor's,Moderate,No,1.668025755152689,0
ID_77,88.56351733429729,63.0595988295809,Low,Bachelor's,Moderate,No,7.139759128308928,0
ID_78,53.70223258670452,80.77883696158419,Middle,No High School,Low,Yes,11.338063854849903,1
ID_79,67.92328642721363,53.09523327190385,High,No High School,Moderate,No,11.482535068379372,1
ID_80,55.79345297625649,96.99767103701352,Middle,Bachelor's,Low,No,7.774619502360885,1
ID_81,93.15517129377967,87.18070086493313,Low,Some College,Moderate,Yes,9.498752368799412,1
ID_82,81.1649063413779,45.36466013873557,Low,Bachelor's,Low,Yes,19.344840446460562,1
ID_83,66.54490124263246,65.0548465470957,Middle,High School,Moderate,No,8.169621067375921,1
ID_84,53.177917514301186,92.74709845372988,High,Some College,Moderate,Yes,5.906309451939677,1
ID_85,65.54911608578311,96.68392133748462,Middle,Some College,Low,Yes,5.6258738372684425,1
ID_86,66.25916610133736,68.04409067499219,Middle,Some College,Low,No,9.69752764137855,1
ID_87,86.4803089169032,76.80468335264246,Low,High School,Low,No,15.430882825621937,0
ID_88,81.87787356776066,50.02203676552451,Middle,No High School,Moderate,Yes,4.913775499580991,1
ID_89,94.36063712881634,99.4701175682186,High,Some College,High,No,14.476626415674593,0
ID_90,73.61074625809746,53.90030208300661,Low,High School,Low,Yes,1.4018466436389094,1
ID_91,55.97971229691508,96.56390644810753,Middle,High School,Moderate,Yes,8.959726581694975,1
ID_92,85.66223936114974,78.97879893954212,High,Postgraduate,Moderate,Yes,15.74143623885295,0
ID_93,88.03925243084487,76.46420769273155,Low,High School,Moderate,No,7.435926159714197,0
ID_94,78.06385987847482,70.76131066099052,Middle,Bachelor's,High,Yes,11.71100492746259,0
ID_95,88.54835899772806,53.84018870306552,Low,No High School,Moderate,Yes,4.894605423692305,1
ID_96,74.68977981821953,50.591681920330494,Middle,Some College,Moderate,No,15.097912431397274,1
ID_97,76.1366414690997,53.22917254421052,Middle,Postgraduate,Low,No,1.9933029621064327,1
ID_98,71.37705091792748,51.18629572865527,Middle,No High School,Low,Yes,17.198310252634506,1
ID_99,51.27095633720476,86.7750684140052,Middle,No High School,Low,No,4.765731342011694,1
ID_100,55.39457134966522,61.0075155500038,Low,High School,Low,Yes,17.613562602458284,1
ID_101,51.57145928433671,43.47056059380378,High,No High School,Moderate,No,7.698055584709829,1
ID_102,81.82052056318902,98.14615780844868,Middle,Some College,Moderate,No,14.730987915015245,0
ID_103,65.71779905381634,93.02715309780554,Low,Bachelor's,Moderate,No,7.065280657937581,1
ID_104,75.42853455823514,95.66513699171279,Middle,High School,Low,No,18.212321753458305,0
ID_105,95.37832369630465,99.69446935878611,Middle,High School,Low,No,3.4061053848491127,0
ID_106,62.464611457443745,50.433714953169236,Low,High School,Moderate,Yes,4.391875996179375,1
ID_107,70.51914615178148,63.77452113415953,High,Some College,High,No,10.367572378017243,0
ID_108,87.77755692715243,85.49430854224548,High,No High School,Low,Yes,2.556830341724776,0
ID_109,61.43990827458112,81.76123708322754,Low,Some College,High,No,4.723623509333477,1
ID_110,53.84899549143965,49.233754380391304,High,Some College,Moderate,No,18.93156126202827,1
ID_111,64.4875726456884,88.94998749943707,Low,Some College,Moderate,No,19.553303561809855,1
ID_112,58.06106436270022,53.46643431019964,Low,High School,Moderate,No,8.148927257278018,1
ID_113,96.48488261712865,53.42905688935738,Low,Some College,Low,No,18.542434399264778,1
ID_114,90.40601897822086,72.21846537360481,High,No High School,Low,No,11.351668837795202,0
ID_115,81.67018782552117,75.57639609050219,Middle,No High School,Moderate,Yes,6.125106851601574,0
ID_116,93.57302950938589,74.80517247026867,Low,Bachelor's,Moderate,No,14.345575700531374,0
ID_117,90.18360384495573,45.489210243865294,Middle,Some College,High,No,13.519134324922288,1
ID_118,59.32850294430179,92.64765175782281,Middle,No High School,Moderate,No,19.793381063065933,1
ID_119,94.62794992449889,55.93600255532236,Low,High School,Low,No,6.035898460776383,1
ID_120,76.96711209578254,47.77089527696825,High,High School,Moderate,Yes,13.769130550572973,1
ID_121,90.37200775820313,93.32488479213863,High,High School,Low,No,1.988451345559491,0
ID_122,94.80456499617466,97.3390898937852,Middle,High School,Moderate,No,3.159274735237669,0
ID_123,65.90017374859319,91.72765703592704,High,No High School,Moderate,Yes,1.0744491240707719,1
ID_124,55.50259622638384,88.57096448349269,Middle,High School,High,No,19.98975294013379,1
ID_125,61.39675812709709,79.3145188383413,High,Some College,Moderate,No,16.24320024580208,1
ID_126,71.35538943131282,73.05144223654835,Middle,Some College,Moderate,No,15.947737279937275,0
ID_127,90.90073829612466,45.21920559468461,Middle,Some College,Moderate,No,10.684795430475415,1
ID_128,93.03652916281717,64.50719278424192,Low,No High School,High,Yes,6.7012745752033585,1
ID_129,50.34760652655954,62.36131102073884,High,Postgraduate,Low,No,3.8740214047908426,1
ID_130,75.53736512887829,55.585227025619574,Middle,Bachelor's,Low,No,6.408820038082809,1
ID_131,70.87055015743894,83.40520682131509,Low,Bachelor's,Low,No,8.143453216653644,0
ID_132,61.105390523536514,69.75254410472624,Low,Bachelor's,Low,No,15.369891842625588,1
ID_133,55.99326836668414,44.862772954458876,Middle,Bachelor's,Moderate,Yes,11.253573989159896,1
ID_134,66.8807585701814,53.21099211698868,Middle,Some College,Moderate,Yes,2.472188904554171,1
ID_135,97.14548519562595,80.99552581957576,Middle,High School,Moderate,No,1.3425511702193327,0
ID_136,66.16014660103777,44.56785156941801,High,Some College,Low,No,2.9443114111471997,1
ID_137,75.9395310871683,91.07241484292612,Low,Some College,Moderate,No,8.799475560250208,0
ID_138,85.15094794475888,69.70879162083847,Middle,Some College,Moderate,Yes,18.73066542393135,0
ID_139,68.1814801189647,68.83519463959888,Low,Some College,Moderate,No,13.11064714297521,1
ID_140,98.58910413604804,75.54446707957106,High,No High School,Moderate,No,16.234692097634785,0
ID_141,98.12236474710556,89.48085795550895,High,High School,Moderate,No,9.861117295586423,0
ID_142,62.58911479126821,60.86855247413158,Middle,Bachelor's,Low,Yes,7.871655580705813,1
ID_143,74.86242529461927,80.68096915354381,Middle,Some College,Low,No,3.059607081615832,0
ID_144,65.04391549083849,73.94391783974746,Low,Some College,High,No,17.642727421537895,1
ID_145,64.24202471887338,56.02169621016528,Middle,High School,High,No,15.880040551530154,1
ID_146,51.84434736772664,92.71779918130949,High,High School,Moderate,No,4.1942438543567775,1
ID_147,80.47821669899484,87.8455612964157,Middle,Bachelor's,Low,No,10.73295071364895,0
ID_148,75.13395116144308,79.50711007950554,Low,Some College,Moderate,No,10.260121350503653,0
ID_149,52.57393756249947,91.03490374565452,Middle,Some College,Moderate,No,12.876739501044044,1
ID_150,63.93232321183057,92.03765205758813,High,High School,Moderate,Yes,18.977550985833965,1
ID_151,95.41329429833269,82.50177860290208,Low,Some College,Low,No,12.015657393487112,0
ID_152,61.978094533348624,90.22079970182033,Low,High School,Low,Yes,11.264128068793752,1
ID_153,57.24474360456115,81.84828770015702,Middle,Some College,Moderate,No,1.956135725758615,1
ID_154,74.47263801387815,80.80844630561802,High,High School,Moderate,No,2.1952420443424545,0
ID_155,99.28252270553003,77.11668269291106,Low,High School,Low,No,4.5595890352089885,0
ID_156,62.10276357557502,85.16299837345846,Low,Some College,Low,No,1.6169446621432173,1
ID_157,83.60677737029393,49.51630631758442,Low,Bachelor's,Moderate,Yes,15.123705015830236,1
ID_158,88.08098076643589,92.85224555193571,Low,No High School,High,No,14.7432757758853,0
ID_159,61.881877199619986,92.31061166471392,Middle,Bachelor's,High,No,3.585068454201216,1
ID_160,86.41081743059297,41.75483698207355,Middle,High School,Moderate,Yes,16.885499115110335,1
ID_161,68.38915663596266,89.54900503388576,Middle,High School,Moderate,No,3.9409346620761276,1
ID_162,81.61529152967897,47.73219204840671,Middle,No High School,Low,Yes,6.722336152949818,1
ID_163,81.67648553804473,60.10713125554851,Low,High School,Moderate,No,5.730561084065935,0
ID_164,76.78873420373793,84.61049537749646,High,Some College,Moderate,No,8.073834872887907,0
ID_165,54.51448850272041,49.64559376289849,Middle,No High School,Moderate,Yes,5.838611551909276,1
ID_166,91.7651247794619,89.07802144714373,High,High School,Moderate,No,10.29006760233059,0
ID_167,66.0390032485868,89.92805067746451,Middle,Bachelor's,Low,Yes,8.740749745739024,1
ID_168,59.32592551999271,70.44806402565017,Low,No High School,Low,Yes,19.744820324807204,1
ID_169,52.0387570777382,40.383152303010014,Middle,Some College,Moderate,Yes,2.062600652436288,1
ID_170,79.5446471594121,57.22228799049476,Low,High School,Low,No,3.701446151359681,1
ID_171,83.87821809211411,77.01561510254453,Middle,Some College,Low,No,2.003691984263447,0
ID_172,50.829391446392805,98.87117068164541,Low,High School,High,No,12.89098270466514,1
ID_173,75.60465291496405,77.9088116210001,Low,No High School,Moderate,Yes,2.035676270860672,1
ID_174,61.3247887598969,55.588214863849586,High,No High School,Moderate,Yes,16.892355010146343,1
ID_175,82.25863952047249,78.04034218597668,Low,No High School,High,No,10.726833982956627,0
ID_176,58.718321450249576,72.39912278295134,High,No High School,High,No,11.01314486704914,1
ID_177,84.5468869051233,86.79072370906862,Low,Some College,Moderate,No,11.67029564653169,0
ID_178,69.33676731502686,46.4188383296175,Middle,Bachelor's,High,Yes,4.245460419818004,1
ID_179,96.83649943683673,85.66167415012168,Middle,Bachelor's,Moderate,No,4.756115759175263,0
ID_180,56.87604720729966,72.47599472056662,Middle,Some College,Moderate,No,7.057529134587089,1
ID_181,67.05331755251292,97.77952023153968,Low,No High School,Moderate,No,12.276431900615178,1
ID_182,55.67367606202946,60.51232996232116,Low,High School,Moderate,No,4.992237742864075,1
ID_183,96.23468091392814,77.9573135880369,Low,High School,Moderate,Yes,3.2103028155319633,1
ID_184,93.86696766904905,95.92168633060105,Low,High School,Moderate,No,19.432220841950212,0
ID_185,62.89708138575778,46.15058367944076,Middle,Some College,Low,No,1.4176544813828353,1
ID_186,82.99920230170895,96.23370923418707,High,Some College,Moderate,No,16.25125070138441,0
ID_187,90.8611100100608,81.27314333804881,High,High School,Low,No,15.97266784192542,0
ID_188,77.76004057997312,44.07022354631032,Middle,High School,Moderate,No,6.647068163056824,1
ID_189,76.48252891780032,58.057814016808976,Middle,Bachelor's,Moderate,No,3.5769057041389547,1
ID_190,62.092614545022585,82.4903253187169,Middle,Some College,Moderate,Yes,3.766944287403045,1
ID_191,54.65513839029496,44.041036088126305,Low,High School,Moderate,No,14.251200727506657,1
ID_192,94.86078789766634,74.9302276105764,High,Bachelor's,High,No,13.213325230637299,0
ID_193,95.02090285816652,60.752983417177404,Middle,Postgraduate,Moderate,No,15.872167810776348,0
ID_194,81.65507286366339,77.25493106604863,Middle,High School,Moderate,No,18.81214227558299,0
ID_195,66.95148955243504,42.74452202875077,Low,High School,Moderate,Yes,14.146619902065249,1
ID_196,67.46047873063304,92.29220836914257,Middle,Some College,Low,No,3.9611791944774257,1
ID_197,86.29778394351197,98.4093381506438,Middle,Bachelor's,Low,No,5.625409718542803,0
ID_198,94.85551299762886,98.13267131714149,High,Bachelor's,Low,Yes,17.001680886589178,0
ID_199,94.35432121325587,84.97910990457548,Middle,No High School,Moderate,No,4.976815440849963,0
ID_200,88.99377729288119,47.80517440783792,Low,High School,Moderate,Yes,2.3779240221351468,1
ID_201,82.10158230771438,85.49579175574135,High,Some College,High,No,14.362321026802759,0
ID_202,54.206998249752445,41.47521498752809,Low,Some College,Low,No,8.648000754312699,1
ID_203,58.08143570473069,41.327413091739835,Middle,No High School,Low,No,18.48076099837217,1
ID_204,94.92770942635397,59.41661314897247,Low,Bachelor's,High,No,13.35484635077957,1
ID_205,80.3214529829795,69.31859142427994,Middle,Some College,Low,No,2.7179605780415543,0
ID_206,50.45985258083148,86.22444506846759,High,Bachelor's,Moderate,No,19.009274777819556,1
ID_207,55.073577143301605,80.9977225963903,Low,Bachelor's,Moderate,No,5.912588009164672,1
ID_208,83.1750884554028,66.7541623826049,High,Some College,Moderate,No,7.407037317719429,0
ID_209,50.253079192310935,56.41759997689995,Low,High School,Low,No,8.642947859987299,1
ID_210,58.04040257087493,99.82747000946267,High,Some College,Low,Yes,1.9732616316819518,1
ID_211,77.4366894683293,65.57087813415838,Middle,No High School,Low,No,10.433793022381492,0
ID_212,84.59475988463467,67.08322145978053,High,Some College,Moderate,Yes,3.3430513304305527,0
ID_213,82.59806297513003,49.81742927150015,Low,No High School,Moderate,No,8.618436207078684,1
ID_214,61.21346547302799,87.68857292499575,High,Some College,Low,No,7.663485971849601,1
ID_215,85.6089610673768,81.62093354688932,Middle,High School,Moderate,No,15.683961585103564,0
ID_216,61.862454374840006,53.24617676732562,Low,No High School,High,No,16.26023972102189,1
ID_217,66.26998490796339,44.94286273695056,High,No High School,Low,No,3.9148447653926723,1
ID_218,87.32457025590121,80.82995812448279,Low,No High School,Moderate,No,7.964472560205298,0
ID_219,82.48164495236074,79.27067285686812,High,Some College,Moderate,Yes,8.093710059604803,0
ID_220,92.4611705247089,56.395571619892564,Low,Some College,Low,Yes,3.876798434785616,1
ID_221,82.88064461501716,97.05181373502462,Middle,Some College,Moderate,Yes,16.170616595972618,0
ID_222,78.41543016677358,49.06347350685401,Middle,No High School,Moderate,No,14.437338238373043,1
ID_223,54.683738391404624,65.94008806255611,Low,No High School,High,Yes,4.61725393964366,1
ID_224,68.38579015297168,96.61695521005593,Low,No High School,High,No,7.967716263282182,1
ID_225,63.26011838408627,65.18363901556734,Low,No High School,Moderate,No,3.01029547227377,1
ID_226,62.19948216895418,78.31155685984513,Middle,Bachelor's,Moderate,Yes,12.935925344767835,1
ID_227,98.65052773762227,63.855663877767654,Low,High School,Moderate,No,3.3060665664237736,0
ID_228,69.65488623333802,56.452912140920205,Middle,High School,Moderate,No,19.73274920387344,1
ID_229,94.60232775885567,99.0386588775897,Low,No High School,Moderate,Yes,15.832959419069384,1
ID_230,81.55693129986315,64.56004037890258,Low,High School,Low,No,8.414532442095906,0
ID_231,89.74056517708243,93.64595222074806,Middle,Some College,Moderate,No,11.992714713307734,0
ID_232,75.1318546552596,53.79727635346517,Low,Some College,Moderate,No,18.315494508111765,1
ID_233,78.84519423131795,52.786282241505,High,High School,Moderate,No,11.527886327520696,1
ID_234,74.6258846909432,41.86804497307068,High,No High School,High,No,4.3154712415611485,1
ID_235,59.76214938990223,79.10000952255311,Middle,High School,Low,No,8.195363756042028,1
ID_236,86.12260576307526,62.11158062342567,Middle,High School,Moderate,Yes,17.019752435565163,0
ID_237,64.03861812204279,91.86149499037822,High,High School,Low,No,13.24004730380274,1
ID_238,51.21579832157269,68.39259440149343,Low,Postgraduate,Moderate,No,13.363763302342205,1
ID_239,82.27361479535838,98.09160567488331,Low,Some College,Moderate,Yes,17.469608228081295,1
ID_240,58.85553397035245,51.13153094218727,Low,Some College,Moderate,No,17.985488091787587,1
ID_241,97.02292921764572,92.11739007733664,Middle,High School,Moderate,No,18.47605886380929,0
ID_242,97.69642885012937,86.59581116750451,Low,High School,Moderate,No,2.802134671809966,0
ID_243,95.74321951102243,86.25531067864313,Middle,Some College,Moderate,No,11.338394037298917,0
ID_244,68.50793501277222,90.68699368701326,High,Some College,Moderate,No,15.069680903148054,1
ID_245,50.77283082644337,85.66143945657993,High,Some College,Moderate,No,15.381610057413262,1
ID_246,96.41592812938626,77.57321929788492,Middle,No High School,High,No,12.527607837430073,0
ID_247,71.40920741586572,47.87469266094325,Low,Some College,Low,No,4.168959368489809,1
ID_248,98.33274095218349,41.95157076947511,High,High School,Low,No,16.150990524891622,1
ID_249,98.18099885446264,95.2508708689412,Middle,Bachelor's,Moderate,No,14.68211533678397,0
ID_250,92.650472773368,76.99901887124429,Low,Some College,High,No,2.6365796594316895,0
ID_251,64.72244460347929,87.79223745857058,Low,Some College,Moderate,No,9.812386668813149,1
ID_252,69.25488643009626,68.891341090753,High,No High School,Low,No,4.305570590914268,1
ID_253,92.55683357584284,47.038491337743665,Middle,Some College,Moderate,No,7.412063868546466,1
ID_254,65.84610025781389,47.511147532153025,High,No High School,Moderate,Yes,1.3435407519080234,1
ID_255,58.474637334304624,81.13391723373829,High,High School,Low,No,8.606267499804407,1
ID_256,77.84006312291751,65.81835369396777,Middle,No High School,Moderate,No,11.447661501967998,0
ID_257,96.80773870803904,52.0314836020202,Middle,Some College,High,Yes,12.77206926371465,1
ID_258,84.80148983374865,69.49567280448622,Middle,High School,Moderate,No,13.606316557445492,0
ID_259,78.50305850446824,43.85253622450804,Low,High School,Moderate,No,16.88953494894674,1
ID_260,54.85882468853843,74.91828411486392,Middle,Bachelor's,Moderate,No,5.0937952382388705,1
ID_261,80.75036133495848,56.13960426610586,Middle,High School,Low,Yes,3.289154626330891,1
ID_262,99.50269250521316,87.85354603823129,Middle,Some College,High,No,17.17920626606059,0
ID_263,57.0042007618262,58.621717535414426,High,High School,Moderate,No,3.975643482960348,1
ID_264,75.91648261818683,67.31320894490807,Middle,No High School,Moderate,Yes,19.520441545387712,0
ID_265,93.86865359639776,40.697232394486036,Middle,Some College,Moderate,No,17.008226358574102,1
ID_266,87.03843088771022,44.34681326767353,Middle,No High School,Moderate,No,10.516655511902384,1
ID_267,84.8507870497634,63.549613384401084,Middle,High School,Moderate,Yes,19.64700707351848,0
ID_268,85.12420419935546,68.79633008302741,Middle,Some College,Low,No,2.85015785305208,0
ID_269,67.97455756098776,76.00123288715822,Low,Some College,High,No,6.758249462326932,1
ID_270,64.67959221322467,57.499754722558194,Middle,Some College,High,No,13.126263885771618,1
ID_271,90.46805777392568,81.69891316759255,Low,High School,Moderate,Yes,7.650130500990397,1
ID_272,90.50566973395904,91.60734383135227,Low,No High School,High,Yes,18.639078487635043,1
ID_273,93.35361592900519,86.791059333601,Middle,Some College,Low,Yes,2.246895675378534,0
ID_274,95.66202762782356,42.37712952090143,Middle,Some College,Moderate,No,11.438824809158326,1
ID_275,75.56711994304689,68.83041683546973,High,Bachelor's,Moderate,No,12.226459080507176,0
ID_276,75.07581473435998,46.29581070509049,Middle,Bachelor's,Moderate,Yes,13.401834351767258,1
ID_277,89.91475894833876,54.522700951751645,Middle,Bachelor's,Moderate,Yes,5.857658243304474,1
ID_278,82.49819653888827,99.19975559602878,Middle,High School,Moderate,No,7.926762122877425,0
ID_279,85.09834386288517,48.5497325740908,Middle,High School,Low,No,17.029930063634573,1
ID_280,89.78963347180505,69.93328920708137,Low,Some College,Moderate,No,4.703912610433036,0
ID_281,94.50026709087831,77.08934405908715,Low,High School,Low,No,16.710489096293877,0
ID_282,66.89975784257679,82.14789823264624,Low,No High School,Moderate,No,11.690453035152105,1
ID_283,68.7791476319972,73.57892100921484,Middle,Bachelor's,Low,Yes,15.48156271268756,1
ID_284,54.69909699204345,40.58625084515102,Low,Bachelor's,Low,No,14.558539959005959,1
ID_285,78.9140070498087,59.58767849463951,Low,High School,Moderate,No,4.942718412312701,1
ID_286,51.797113689837104,71.06269860308268,Low,No High School,Moderate,No,11.807441992243584,1
ID_287,73.27990090662301,45.27198994869,High,High School,High,No,17.486739903296755,1
ID_288,77.13223173537884,61.037615872550845,Low,Bachelor's,Moderate,Yes,9.210208499236657,1
ID_289,64.32706260641422,41.99218652748199,Middle,Bachelor's,Moderate,Yes,19.365224634243017,1
ID_290,79.54166302845053,44.71470982930124,Low,High School,High,No,9.592086901932642,1
ID_291,51.52501249695247,63.815396572095764,Middle,No High School,Moderate,Yes,3.712927096689809,1
ID_292,51.86740943746072,47.96294524258362,Low,Bachelor's,Low,Yes,8.399258921475791,1
ID_293,91.13002803298292,74.05245089569348,Low,High School,Moderate,Yes,19.082345721420207,1
ID_294,68.00953207056314,81.36789814823595,Middle,Some College,High,Yes,7.074696137457231,1
ID_295,56.35302563259424,88.03520194654497,Low,Postgraduate,Moderate,No,17.493865037474194,1
ID_296,76.11216300274022,52.009014654688606,Low,No High School,Low,Yes,17.743762951955905,1
ID_297,88.49967765493054,50.04895493554419,Low,Some College,Low,No,7.6535439623072605,1
ID_298,60.791051374842155,46.274070420064014,Low,No High School,Low,No,2.58189550296201,1
ID_299,81.14452379095002,78.1858149726182,Low,High School,Moderate,No,14.766600274017547,0
ID_300,54.2673732496884,82.38854358921407,Low,Bachelor's,Moderate,Yes,6.918733681265735,1
ID_301,52.58408605843039,41.89516868953852,High,High School,Low,No,15.875548670893876,1
ID_302,76.5677315784074,96.17273477462139,Middle,Postgraduate,High,Yes,9.410442116948229,0
ID_303,77.03175608050532,43.118277019088346,Middle,Some College,Moderate,No,10.22006810450981,1
ID_304,81.87149507491033,72.47778011806423,Low,High School,Moderate,No,15.7802787282222,0
ID_305,86.30456668613309,82.54363116705498,High,High School,High,No,8.264903290170931,0
ID_306,98.79260397312673,92.25814742476513,Low,High School,Low,No,9.419419561135376,0
ID_307,75.81501741505977,82.84521592794567,Low,High School,Moderate,No,8.14761890662282,0
ID_308,66.1478236470623,88.10368498418751,Middle,No High School,Moderate,No,7.979469790268319,1
ID_309,89.75930973843518,60.367011552568364,Low,High School,High,No,10.992984961127728,0
ID_310,63.54161256310371,88.88950682479074,Low,High School,Moderate,No,16.367189445521863,1
ID_311,71.9485710352818,44.806890783080505,Middle,Some College,Low,No,7.873597926528752,1
ID_312,53.922819067113295,93.68899936363167,High,Some College,High,No,10.960839690216996,1
ID_313,51.267537170772876,72.85554256922418,Middle,Some College,Low,No,13.743819183409416,1
ID_314,98.13242073389625,89.03786619774962,Middle,No High School,High,No,6.119349479769445,0
ID_315,91.79900602561028,67.139097071098,High,High School,High,No,6.272933293145458,0
ID_316,84.7987103046849,78.6146617117915,Low,Some College,Low,No,18.73484941344564,0
ID_317,70.44764722071349,71.58415965616679,Low,High School,Moderate,Yes,14.747156893290684,1
ID_318,58.66471600354229,83.89537130531991,Low,No High School,Low,No,11.966546848242869,1
ID_319,57.8218521335543,44.897798921835374,Middle,Bachelor's,Moderate,Yes,13.306681033991628,1
ID_320,62.512144908229764,43.62112503943383,Middle,Some College,Moderate,No,1.556689418964949,1
ID_321,77.46133323530603,54.82619404060878,High,Some College,Moderate,Yes,12.74395634567224,1
ID_322,85.72979613500311,49.5726808067913,Middle,No High School,High,Yes,10.680668591259836,1
ID_323,83.00986883588656,92.3070139955321,Middle,Some College,Moderate,No,11.369243915809278,0
ID_324,63.99669484729714,53.15283924148266,Low,Some College,Moderate,No,7.8290527097855245,1
ID_325,97.7432640331597,98.55191534914788,High,Some College,High,Yes,2.5480040565458957,0
ID_326,86.89484583478843,60.213747506266415,High,Some College,High,No,4.673445438628992,0
ID_327,77.71770262557004,50.927074941321955,High,Bachelor's,Low,Yes,19.064149551040764,1
ID_328,80.5860373117176,87.38191042854875,Low,Some College,High,Yes,8.765291683147744,1
ID_329,70.9800031213895,79.52246653005257,Middle,No High School,Low,No,9.86697996078642,0
ID_330,62.386549475057876,69.89174298718834,Low,Some College,High,No,2.001486007215341,1
ID_331,67.79863393256308,73.32181305625787,Low,Some College,Low,Yes,1.713758361335631,1
ID_332,87.89230552321845,83.15210669633584,Low,Some College,Low,No,14.626447493888396,0
ID_333,50.719674431487796,53.70728447987793,Middle,No High School,Moderate,Yes,11.223798618301114,1
ID_334,55.80363202534581,99.78003496340452,Middle,No High School,Moderate,No,10.665413700109067,1
ID_335,52.30013210108764,98.487589728807,Low,Bachelor's,Moderate,No,5.619366078030705,1
ID_336,52.03644011594851,79.01954118081622,Low,Some College,Low,No,15.150263900968522,1
ID_337,92.77302920055035,51.972547055748706,Middle,Bachelor's,Moderate,No,4.1964950030613455,1
ID_338,85.18289296900119,80.81369454587748,Low,Some College,High,No,4.60876012955938,0
ID_339,73.70869145436626,44.33190453875055,Low,Some College,Moderate,No,9.753531255617235,1
ID_340,54.89170803255007,41.839150132348365,Middle,Some College,Low,Yes,6.439317380126877,1
ID_341,74.58079375584163,55.46097331067282,Middle,Bachelor's,Moderate,No,5.70179664342978,1
ID_342,73.67358853902829,67.75737740435898,Low,Some College,Low,No,13.2595152465133,0
ID_343,58.66009349550076,92.09635032450282,Low,Some College,High,Yes,13.368463159152345,1
ID_344,71.69258246189865,83.63014418597848,Low,No High School,High,Yes,16.665824326198653,1
ID_345,69.92523671986868,84.56239127199886,High,High School,Moderate,No,8.936462772486541,1
ID_346,80.79250490261083,65.52960006688451,Middle,Some College,Moderate,No,2.3886167294968548,0
ID_347,81.75468254338219,60.75609955281777,Middle,High School,Moderate,Yes,6.199661313507696,0
ID_348,52.265200488602225,62.262325779076164,Low,High School,Moderate,Yes,19.62010380073952,1
ID_349,68.73063073132356,99.25897382416346,Middle,High School,High,No,12.328912929421339,1
ID_350,81.29299578571182,42.406551484748945,Low,High School,Moderate,No,14.485004611219384,1
ID_351,75.15681292900439,92.02188976734692,Middle,High School,Moderate,No,1.1397987628828763,0
ID_352,92.82449205941612,74.7205245143436,High,High School,Moderate,No,10.845908911467896,0
ID_353,82.93468158094726,66.31692515137543,Middle,Bachelor's,Moderate,Yes,1.7130444931042592,0
ID_354,58.14672135407149,83.51545962490819,High,Some College,High,No,11.815374029737512,1
ID_355,53.52843737002149,69.20013648548218,Middle,No High School,Moderate,No,18.494646143085433,1
ID_356,82.12096391031578,92.40539428489964,Low,No High School,Moderate,No,19.39996347950775,0
ID_357,51.32556552708109,94.04211184067552,High,Some College,Low,Yes,11.270500832389558,1
ID_358,79.28877906367316,65.30325561240733,Low,High School,Moderate,No,9.705891299792103,0
ID_359,97.01151207124788,56.60966783410309,Middle,Bachelor's,Moderate,No,18.955324790721384,1
ID_360,78.77370889379395,75.54101971560173,Low,Some College,Low,No,13.798586807937207,0
ID_361,69.4084963103261,94.74180073700145,Low,Some College,Low,No,2.23308631122978,1
ID_362,82.16441092211767,52.63973134033999,Middle,High School,Moderate,Yes,9.848785975682453,1
ID_363,72.91264452457582,77.37799501380897,Low,Some College,Moderate,No,5.564655350821774,0
ID_364,77.28083946579675,77.89361320555123,Middle,High School,Moderate,No,9.92628210752495,0
ID_365,97.07324043882626,83.98678134491686,Middle,Bachelor's,Low,No,9.653845868120873,0
ID_366,69.30513189003871,47.894061107635586,Low,Some College,Moderate,No,12.060751253480099,1
ID_367,98.05952819119571,82.94949788092532,Low,High School,Low,No,7.778639316635774,0
ID_368,95.26753209780318,94.54195123993847,Middle,High School,Moderate,No,4.121138539662633,0
ID_369,59.78955673946482,50.78098653221452,Low,No High School,Low,No,10.570669257209168,1
ID_370,53.46806504375827,54.25259949543266,Middle,Some College,Low,Yes,16.77385480256948,1
ID_371,55.038900068871335,98.28370564249838,Middle,High School,Low,No,13.616232333284444,1
ID_372,50.91109128257749,50.85861716256939,High,Some College,Moderate,No,7.428989452579101,1
ID_373,54.72214803779642,91.26310560217475,Middle,High School,Low,No,18.774937432418287,1
ID_374,84.15033867081785,69.53667138688209,Middle,Some College,Moderate,No,18.33194385373446,0
ID_375,53.55943242301145,54.833864464190626,Middle,Bachelor's,Moderate,No,4.977619588297877,1
ID_376,65.94878151468806,92.24499407635068,Low,Some College,Moderate,No,1.7489341172868964,1
ID_377,92.24376554847274,66.71831530015993,Low,Some College,Moderate,No,15.084865458664483,0
ID_378,51.163596786791295,70.8890412357814,Middle,No High School,High,No,16.724594965633912,1
ID_379,90.72342412944678,61.55400216398594,Middle,No High School,Low,No,19.38942675307575,0
ID_380,64.09273873867,75.57705108609565,Middle,Some College,Moderate,Yes,17.906891487677903,1
ID_381,55.90824138108281,49.81143235510137,High,High School,Low,Yes,12.410160595921882,1
ID_382,84.83685826820754,63.46489219910564,High,High School,Low,No,11.070994445035236,0
ID_383,81.4471423389942,98.16473934011725,High,No High School,Moderate,Yes,1.5289799739891397,0
ID_384,93.87360067635265,55.48800596206765,Middle,High School,Moderate,Yes,5.686472490050779,1
ID_385,86.75355219019428,79.40419987247753,Low,No High School,High,No,9.732680282925601,0
ID_386,90.17404651924244,59.511403853481696,Middle,Bachelor's,Moderate,No,12.941574101587788,1
ID_387,64.10172862856533,86.40838754119605,Low,High School,High,No,11.587784833049803,1
ID_388,58.87197718898614,47.85241964310099,Middle,Some College,Low,No,15.11008380395212,1
ID_389,87.53073758204292,98.18926270471269,Middle,No High School,Low,No,6.315571686853776,0
ID_390,90.3417369633632,67.22737248301836,Middle,Some College,Low,No,11.734099545396992,0
ID_391,99.52525710003366,54.16302780078784,Low,High School,Low,Yes,2.6747026244250502,1
ID_392,70.63088384557133,44.409804839800756,Low,Bachelor's,Moderate,No,8.859644948080932,1
ID_393,68.60090428963916,50.18547430525244,Middle,Bachelor's,Moderate,No,15.25305582613742,1
ID_394,88.82064803709984,71.18643691336106,Low,High School,Low,No,14.174616215151836,0
ID_395,67.0401770126509,60.22019058587718,High,Bachelor's,High,No,19.8222120062714,1
ID_396,96.53786628017824,89.73300195295657,Low,Postgraduate,High,No,6.279931393767364,0
ID_397,92.9206375921506,65.85325141970836,Low,Bachelor's,Low,Yes,10.465596684305604,1
ID_398,71.44970136875092,54.92285635525779,Low,Bachelor's,Low,No,7.261077861705938,1
ID_399,87.54355338957487,77.0286991962418,Middle,High School,Low,No,9.37145916712432,0
ID_400,87.72714370423412,82.40663301312675,Middle,Some College,Low,No,17.282052467518373,0
ID_401,55.15619344179663,50.02251447405699,Low,No High School,Low,Yes,13.999972428581245,1
ID_402,95.12764533397834,50.05715297729906,Low,No High School,Moderate,No,17.766382635604053,1
ID_403,75.26261862239286,42.20028561601258,Middle,Postgraduate,Low,No,4.866711058305842,1
ID_404,91.32287330538708,84.18412090393844,Low,High School,Moderate,Yes,17.593861238987323,1
ID_405,66.00248005153058,79.8282716573083,Middle,Some College,High,No,2.135483209389304,1
ID_406,94.77616142481003,68.47785254498883,Middle,Bachelor's,Moderate,No,17.883386328305896,0
ID_407,69.46008393670816,90.65022693815183,Low,Bachelor's,High,No,7.25240180975383,1
ID_408,50.54188257401492,88.34020917700319,Low,Postgraduate,Low,No,6.977165034867263,1
ID_409,95.26909882096318,75.12126186380513,High,High School,Moderate,No,10.729682957274614,0
ID_410,54.56433383930668,92.09627683079552,Middle,No High School,Moderate,No,18.873113566741402,1
ID_411,65.96568187952074,52.350472602206096,Middle,High School,Low,No,1.907845928946702,1
ID_412,97.50309835254025,46.71517716386367,Low,No High School,Low,Yes,7.6923885263441605,1
ID_413,97.5303573468778,56.18497669101937,Middle,No High School,Moderate,No,17.27486778498338,1
ID_414,78.67189440616431,43.42521136535889,Low,High School,Moderate,Yes,8.525035071273868,1
ID_415,81.59186060848997,71.87017168006193,Middle,Some College,Moderate,Yes,4.783981054344273,0
ID_416,72.42227609891599,96.19634153769769,High,Some College,Moderate,No,9.071089445296824,0
ID_417,64.66053858490322,42.36061244011058,Low,High School,Moderate,No,8.325497528341717,1
ID_418,66.4332272684958,47.32659484060161,Low,Some College,Low,No,18.392907827867365,1
ID_419,83.62592280385192,67.13194169700611,Low,High School,Moderate,No,15.476753139118845,0
ID_420,87.618726471884,96.0325010516743,Low,No High School,Low,No,10.597195559136122,0
ID_421,89.57895218629243,58.96936629860503,Low,Some College,Low,Yes,19.77904076770985,1
ID_422,89.48090713972769,70.43408852130355,Low,Some College,High,No,9.840273094242542,0
ID_423,54.560305152434516,42.494371543023526,Middle,Some College,Moderate,No,2.106518785585229,1
ID_424,74.72101523512907,48.90059205772533,Middle,No High School,Moderate,No,5.983212114484713,1
ID_425,52.877938000832216,99.19780737753081,Low,Bachelor's,Moderate,No,9.28533912416694,1
ID_426,77.47644411618677,97.90712178616273,High,Some College,Moderate,No,3.981149858776282,0
ID_427,72.07652506866884,40.29639885606458,Low,Some College,Low,No,19.003737400156815,1
ID_428,94.38520913791498,97.10870712539435,High,Some College,Low,Yes,15.570129058537688,0
ID_429,67.54575062760394,78.34719626893002,Low,Bachelor's,Low,No,6.0974568081276805,1
ID_430,55.853350821380296,92.07509767120132,High,Some College,Moderate,No,12.2252861368404,1
ID_431,57.149584102641796,67.28439133803155,Middle,Some College,Moderate,No,14.707533985081868,1
ID_432,88.07553158587362,70.93576171475502,High,Postgraduate,Moderate,Yes,18.884299649229163,0
ID_433,80.91090316581305,69.3307948154152,High,Some College,Moderate,No,17.751071634332803,0
ID_434,55.05613380613951,80.01185545276627,Low,High School,High,Yes,10.78865229662606,1
ID_435,54.20534030574987,48.379075285378775,High,Some College,Low,No,15.718399776067335,1
ID_436,85.048456572956,41.798415392360674,Low,High School,Low,No,11.680750322724116,1
ID_437,53.638150318209675,58.47579649547146,Low,High School,Moderate,Yes,11.501373910865262,1
ID_438,91.09300296451781,82.2808457641988,Low,Some College,Moderate,No,3.180097208425646,0
ID_439,85.31211135782482,52.1112071273769,Middle,Bachelor's,High,Yes,3.396615502306889,1
ID_440,54.06743903209499,80.40594599949503,Low,Bachelor's,Low,No,11.061138685426691,1
ID_441,54.241885704259595,98.19472276643623,Middle,High School,High,No,6.108369354601125,1
ID_442,99.33197892505876,45.6340429473651,Middle,Some College,High,Yes,1.399701146748904,1
ID_443,68.71353978780601,80.35612709350758,Middle,High School,Low,Yes,14.733944874104033,1
ID_444,68.53210735334454,66.62501315827427,High,Postgraduate,Moderate,No,1.6172453371131343,1
ID_445,90.63997836287513,92.08853526265032,Middle,Postgraduate,Moderate,Yes,12.310259980977037,0
ID_446,97.36242886919294,50.628987366843155,Low,Some College,High,Yes,11.244682088418973,1
ID_447,99.30005319114355,81.55755713356987,Low,Bachelor's,Low,No,19.407479120978284,0
ID_448,87.66890926294708,90.28691737888661,Low,Some College,Moderate,No,10.20004964760519,0
ID_449,68.81297927654579,96.6768531684414,Low,Some College,Moderate,No,2.20842729117815,1
ID_450,54.17503583493344,80.99488169737876,Low,No High School,Moderate,Yes,11.482071388322773,1
ID_451,88.85734579637185,69.83048584050565,Low,High School,Moderate,Yes,16.980827241705928,1
ID_452,77.92021248679025,77.07083441207283,High,Some College,Moderate,Yes,19.94013640134736,0
ID_453,71.21110046234881,92.1342990687231,Middle,Some College,High,Yes,9.176520300092378,0
ID_454,95.3177192547368,74.23658479832977,Low,High School,High,No,7.085676107438108,0
ID_455,55.559874115307565,41.82322358181021,Middle,Bachelor's,High,No,18.22641264208798,1
ID_456,74.63125521454296,95.85692173041866,Low,No High School,Low,Yes,4.633600452446306,1
ID_457,50.567682238370956,81.37160506189366,Middle,Some College,Moderate,No,12.693149385625606,1
ID_458,73.43303209970631,80.59080314663478,Middle,Some College,Low,No,8.708574059438007,0
ID_459,52.815163784091865,52.94050914386303,Middle,Some College,Moderate,No,1.7805649341555503,1
ID_460,55.9408958134036,79.53312821395943,Middle,Some College,Moderate,No,7.598481011808257,1
ID_461,55.87631233885524,63.63186433924951,High,High School,Moderate,No,6.039341927550817,1
ID_462,82.46051510580318,79.07397862248953,High,No High School,Moderate,Yes,14.03573192492625,0
ID_463,87.30224396327117,46.39558181847944,Middle,Some College,High,Yes,19.027019456146444,1
ID_464,79.16843825485799,79.47071827618217,Middle,Some College,Low,No,6.092896560194117,0
ID_465,98.10862742372709,99.96482354623998,Middle,No High School,Moderate,Yes,16.417852843881953,0
ID_466,68.7435289761852,42.892722331633365,Low,Some College,Moderate,No,2.051836521829781,1
ID_467,64.28560431409304,98.63045105327905,Low,High School,Low,No,11.22429919075645,1
ID_468,93.42995640947302,64.41447764337224,Low,Some College,Low,No,2.340451210487997,0
ID_469,61.17979192597263,92.24520702023554,Middle,Bachelor's,High,No,18.746626831482146,1
ID_470,98.16112697203056,86.94312904349641,Middle,No High School,High,No,15.560674330590414,0
ID_471,50.60772373449082,74.02097565920008,Low,No High School,High,No,13.501048312887255,1
ID_472,98.49394133538195,84.30695255507959,High,Some College,High,No,16.65403125086862,0
ID_473,52.1579955975288,92.71093367808086,High,Some College,Low,Yes,13.302876115833099,1
ID_474,94.55715568490356,64.24841929906198,Middle,Some College,Moderate,No,19.40994354631153,0
ID_475,76.385055454315,59.62198969379432,Middle,Bachelor's,Moderate,Yes,14.565201009430659,1
ID_476,99.64823980596502,80.05560313381508,High,Bachelor's,Moderate,No,18.56851358206269,0
ID_477,53.68982823676994,88.47075651647552,Low,Postgraduate,Moderate,No,10.825505948202123,1
ID_478,77.69271422006604,85.73710808659695,Middle,Some College,Moderate,No,3.2242238466553905,0
ID_479,98.46512678095495,87.86881893151806,Low,High School,Moderate,No,11.035376707037326,0
ID_480,76.15489220850745,66.13499888877598,Middle,High School,Moderate,No,3.4105837331987727,0
ID_481,81.46993190676312,89.0700529705013,Low,No High School,Low,No,12.257376104351696,0
ID_482,84.78743444923086,47.212543322236506,High,Some College,Moderate,Yes,10.167368150025595,1
ID_483,72.72705323838866,72.66934587765098,High,High School,Moderate,No,12.828932558822853,0
ID_484,81.37790400420317,40.34551962988729,Low,Bachelor's,Moderate,No,1.1908926400418003,1
ID_485,79.21571559615501,59.47514979401622,Middle,Some College,Low,No,4.7019693414519175,1
ID_486,95.05790052454944,61.98769209228387,High,Some College,Moderate,No,10.335278206330488,0
ID_487,52.272319017072896,63.770361496555324,Middle,High School,Low,Yes,19.059567670193562,1
ID_488,64.04815947961151,81.72803240139173,High,No High School,Moderate,No,8.28857176674801,1
ID_489,97.52057420382793,63.31348607622074,Middle,No High School,Moderate,No,9.063068495019058,0
ID_490,94.51318919454582,66.92161735735183,Low,High School,Moderate,No,14.57922569112582,0
ID_491,72.78283763928565,54.252647852459646,Low,No High School,Low,Yes,12.472062388436242,1
ID_492,81.00662989007684,62.39510749776041,Low,Some College,Moderate,No,6.6795968518683315,0
ID_493,63.86905914905663,53.63617763578909,Middle,Bachelor's,Moderate,No,8.805511515781127,1
ID_494,59.40605798618807,44.39175542610662,Low,Bachelor's,Moderate,Yes,5.136296178287417,1
ID_495,73.18492024699911,76.20691560288267,Middle,Some College,Moderate,No,19.35440772347396,0
ID_496,67.66761140130264,80.09276791330097,Middle,High School,Moderate,No,3.482053249589835,1
ID_497,79.1828055925436,77.16942076057687,Middle,Bachelor's,Moderate,No,8.06489890676197,0
ID_498,53.88673184824924,67.80964262803434,High,Bachelor's,Low,No,1.4909404721802126,1
ID_499,98.71974038330833,62.78714681075379,High,No High School,Low,No,5.2138103467373815,0
ID_500,99.31053722398013,91.80001897430952,Middle,Some College,Moderate,No,15.828951629222944,0
ID_501,84.90808570098726,71.14490710817309,High,High School,Moderate,No,4.82232941348871,0
ID_502,76.80481831720601,68.75091265778386,Middle,Bachelor's,Moderate,Yes,2.5212046480503463,0
ID_503,65.47638081431639,41.53852394838614,Middle,Postgraduate,Low,Yes,10.014610417045942,1
ID_504,90.68975098534743,60.474869657569386,High,No High School,Low,No,1.1894154599558515,0
ID_505,84.23655862769397,62.811737127151424,Low,Bachelor's,Moderate,No,2.6105569341003303,0
ID_506,58.130846967244565,63.92936685381403,Low,Some College,Low,Yes,16.344891521696525,1
ID_507,95.54635922469213,74.81034215363994,High,Postgraduate,Moderate,No,15.657993552332522,0
ID_508,91.12686214615846,72.0161528036127,Middle,High School,Low,No,18.387637587693025,0
ID_509,97.4899956645962,76.47430556760668,High,Bachelor's,Moderate,Yes,17.23579328230424,0
ID_510,86.28597541941801,85.8929956925277,High,No High School,High,No,13.980335701556545,0
ID_511,80.6707597967895,88.7791443229656,Low,High School,Low,Yes,1.994324288712594,1
ID_512,70.91215181453094,83.08738457358967,High,No High School,Moderate,No,15.874123741746493,0
ID_513,96.63642416770065,97.33142175729608,Middle,Postgraduate,Low,No,17.06470540597065,0
ID_514,93.30319447502042,41.0939549605817,Middle,Bachelor's,Moderate,No,16.182560769667134,1
ID_515,52.26093350530947,51.74667914101276,Middle,Bachelor's,Moderate,Yes,10.661101670852496,1
ID_516,51.3183487248626,40.45377249868853,High,Bachelor's,Moderate,No,5.425134934340152,1
ID_517,68.82316834390248,78.84848284927618,Low,No High School,Moderate,No,17.061269538085806,1
ID_518,90.52766653909165,93.88183293699922,Middle,High School,High,No,14.816093385062631,0
ID_519,99.36380646574722,54.608937794577955,Middle,No High School,Low,Yes,19.63446231338818,1
ID_520,57.52084455517641,95.6220726877784,Middle,High School,Low,No,3.9581593573627254,1
ID_521,79.70653576760675,43.61604341737365,Middle,High School,High,No,5.287627077989046,1
ID_522,69.04454283155107,96.06616160833086,Low,High School,Moderate,No,5.024164847748551,1
ID_523,98.49571989073016,61.09736123437806,Low,High School,High,No,16.058255584805398,0
ID_524,92.10594615678544,46.08524970695299,Low,No High School,Moderate,No,4.551238632552245,1
ID_525,91.91643523555689,69.15230555117954,High,No High School,High,No,2.266536766642816,0
ID_526,73.43465798974852,55.40659406323048,Low,No High School,Moderate,Yes,19.972655325126944,1
ID_527,70.74097511688326,57.092374117715366,Low,Postgraduate,Moderate,No,1.4715270174578339,1
ID_528,63.670353596535314,58.43739789557719,High,Some College,High,Yes,16.869637143018448,1
ID_529,52.81877483254635,88.1815538699598,Low,Postgraduate,Moderate,No,7.941969989462403,1
ID_530,93.23611881275266,72.34967660051527,High,High School,Low,Yes,16.99069373539849,0
ID_531,90.64505045650388,58.67846194936022,Middle,High School,Low,No,11.537789333011755,1
ID_532,99.98588366430653,76.6200269986551,High,Some College,Low,Yes,18.130993360240844,0
ID_533,99.83184185369527,82.96904045339161,Low,High School,Low,No,18.597666741877905,0
ID_534,77.77158528013138,56.35744004401202,Low,High School,Moderate,No,1.172865444334744,1
ID_535,88.44937075902553,64.8129460915211,Middle,High School,Moderate,Yes,2.432831343862977,0
ID_536,97.23828649412141,47.313165600216855,High,No High School,Moderate,Yes,5.756815861846254,1
ID_537,92.48236953387058,50.86896097208082,Middle,High School,Moderate,Yes,13.716992910906532,1
ID_538,62.36740508715988,80.86707123789897,Low,High School,Moderate,No,17.877171733718615,1
ID_539,72.52720676550467,50.88630086173762,Middle,Some College,Low,No,9.738897074585292,1
ID_540,56.45797075757475,71.50980302002361,Middle,No High School,Low,No,12.532489209211043,1
ID_541,97.70255136293612,82.54277570334597,Middle,High School,Low,Yes,4.581497203115662,0
ID_542,80.308731722544,46.41261538568463,Middle,Bachelor's,Moderate,No,16.294369843752023,1
ID_543,61.43214027517314,74.03873317773422,High,No High School,Low,No,19.379234115715924,1
ID_544,83.58503422029284,55.393767022081825,Middle,High School,Low,No,6.103379725377351,1
ID_545,80.90641202289478,97.77561251425479,Low,Bachelor's,Moderate,No,10.40169308041038,0
ID_546,67.90813590164203,69.01273880319548,Middle,No High School,High,Yes,2.636206099621102,1
ID_547,55.67787960998145,88.35955298650948,Low,No High School,Low,Yes,11.6235964727964,1
ID_548,83.57865977963998,73.0135925293757,Middle,High School,Moderate,Yes,10.55288539508693,0
ID_549,76.01538504518966,42.60475197128915,Middle,High School,Moderate,Yes,3.7442931989464743,1
ID_550,88.61591958678196,77.98908253564134,Low,Some College,Moderate,Yes,9.399258049243425,1
ID_551,76.00817505559966,97.08420053239942,Low,Bachelor's,High,Yes,7.347988389644702,1
ID_552,92.609075015927,76.09670920877987,Low,No High School,Low,No,10.914786630798597,0
ID_553,77.59534193872427,89.15133156560742,High,Some College,Low,No,12.127432373147185,0
ID_554,78.04689857676931,93.05238780090447,High,Some College,High,No,1.1614159935369806,0
ID_555,93.83268013291726,53.68478631693595,Low,No High School,Moderate,No,15.459113676041552,1
ID_556,70.17414331061985,52.7226903944936,High,Some College,Moderate,No,14.547271545373075,1
ID_557,56.70076142253204,76.6588593310595,Middle,High School,Moderate,Yes,7.959441337923922,1
ID_558,51.43913381566695,64.66170818840229,Low,High School,Moderate,No,2.005782775807547,1
ID_559,87.75686278368096,90.39167817200322,Low,No High School,High,Yes,15.343718255915958,1
ID_560,81.01547756767323,94.00138740388067,Middle,High School,High,No,19.148328049084515,0
ID_561,85.20398840496118,61.20528275816309,Middle,High School,Moderate,No,5.56288032441827,0
ID_562,60.64820807544554,54.21223353846892,Middle,Bachelor's,Low,No,7.14696766100372,1
ID_563,56.818573779338486,86.83153091463171,Low,No High School,High,Yes,4.492444900154484,1
ID_564,50.7272332833941,56.48836213288817,Low,High School,Low,Yes,11.961786343551953,1
ID_565,67.52937794032985,89.3568591108207,Middle,High School,Low,No,3.941986498301644,1
ID_566,79.49588434273166,65.42429521892578,Low,Some College,High,Yes,7.7676849257662095,1
ID_567,69.61220225498661,80.05299395748823,Low,Some College,Low,No,14.243247264750996,1
ID_568,71.87374610118646,45.73211883008009,Low,Some College,Low,No,11.64220367717762,1
ID_569,95.20793472468742,77.43155948059439,High,Some College,Low,No,8.34278872223077,0
ID_570,67.41277335116501,67.10606072423374,High,Bachelor's,High,No,8.984742434343296,1
ID_571,75.69947445799053,75.19650779052844,Middle,High School,Moderate,No,11.68010676984136,0
ID_572,89.18265063705715,50.0808524646918,High,Some College,Moderate,Yes,1.1114298298560648,1
ID_573,69.8271391160635,84.21242469665093,Low,Bachelor's,Low,No,2.4916875006185872,1
ID_574,81.10433501139367,91.7678246525937,Middle,Postgraduate,Moderate,No,17.743903287497222,0
ID_575,93.11818543733726,53.00438800544654,Low,Bachelor's,Moderate,No,2.4797007927345245,1
ID_576,97.47603118288211,45.7428733312097,Middle,High School,Moderate,Yes,14.429268327999598,1
ID_577,57.3536740464519,41.41831516278018,High,No High School,Moderate,No,18.480725118071998,1
ID_578,96.32938125807472,78.51829002659596,Middle,High School,Low,No,6.142988481732891,0
ID_579,74.6058146539769,76.42564216532685,Low,Some College,High,No,8.039337304130772,0
ID_580,62.91221941494792,72.8018447628442,Middle,High School,Moderate,No,11.80950671104961,1
ID_581,72.95678781191307,53.916825766958524,Low,High School,High,Yes,17.752470423133108,1
ID_582,99.00162876427385,63.45435975433088,High,Bachelor's,Moderate,No,18.896206157947983,0
ID_583,74.63090469964348,75.66858011117039,Middle,High School,Moderate,No,15.051701714114094,0
ID_584,66.43758051437541,69.80601153155015,Middle,Bachelor's,Moderate,No,2.6457754562391864,1
ID_585,81.67004271583629,99.26713121289325,Middle,High School,Moderate,No,13.713928955162165,0
ID_586,62.00728093890965,48.18638515340399,Middle,High School,High,Yes,8.795770715580579,1
ID_587,53.7931664054332,81.70867324285562,Low,High School,Moderate,No,9.94331899033017,1
ID_588,56.44398609553246,64.25912608625752,Middle,Some College,Low,No,1.9338194165583638,1
ID_589,56.40229194788862,65.69197689553688,Low,No High School,Moderate,No,4.630180647580806,1
ID_590,57.595134675614716,83.05586593949057,Middle,No High School,Moderate,No,16.019758543139307,1
ID_591,56.94135863247051,81.54616907946217,High,Postgraduate,Moderate,No,9.625217827909335,1
ID_592,82.04373724016074,99.4753596221313,High,No High School,Low,No,6.731582590991828,0
ID_593,59.09400421995724,47.703657367247516,Middle,Some College,Moderate,Yes,8.296362405334204,1
ID_594,67.28336416619317,46.246578963049984,Middle,Some College,Moderate,No,17.233590753187922,1
ID_595,94.8394204953006,83.46032902772447,Low,High School,Moderate,No,15.230981330694181,0
ID_596,73.69808201314362,74.70321502038455,Middle,Some College,Moderate,No,6.173992546440573,0
ID_597,83.37788692605136,56.44963999358835,Low,High School,Moderate,No,3.232534964035093,1
ID_598,58.61599356008149,44.765162139339196,Middle,Some College,Low,No,5.787966211237363,1
ID_599,59.61445094043354,45.13949497578583,Low,High School,Moderate,No,18.49437257003994,1
ID_600,52.043430813323944,93.6514524798471,Low,Some College,Low,No,12.050187919145351,1
ID_601,58.44675315360823,51.512039483124575,Middle,No High School,Low,Yes,11.136123966150874,1
ID_602,63.92951695159793,59.40229372693125,Low,Some College,Moderate,No,12.331478394156768,1
ID_603,58.85052421383734,53.59938413361928,Middle,No High School,High,Yes,7.95453704918379,1
ID_604,54.43512668785278,61.29977834991624,Low,High School,Moderate,No,16.33503338607074,1
ID_605,56.03179355503004,44.1654305647656,Low,High School,Moderate,Yes,10.942438736704746,1
ID_606,73.03893840163629,71.14358745449621,Middle,No High School,High,No,3.2182101526071154,0
ID_607,60.31668592028963,44.05675381553289,Low,Bachelor's,High,No,3.4522373717521964,1
ID_608,68.21349305240378,88.0213904693417,Low,High School,Low,No,11.200323783549749,1
ID_609,75.17086354274284,54.02272491462598,Middle,Bachelor's,High,No,18.794834143345945,1
ID_610,84.51974143146826,72.40071487627063,Low,Postgraduate,Moderate,No,6.858690311847776,0
ID_611,51.965606992054944,92.80474525368749,High,Some College,Moderate,Yes,17.521282208325147,1
ID_612,89.97051994545214,79.05264214283164,Low,No High School,Low,No,15.517816144998708,0
ID_613,81.39501947454539,71.97746719308012,Low,High School,Moderate,No,5.70843641523123,0
ID_614,54.08795159744359,59.460025186922536,Middle,Some College,Low,Yes,1.6904742180086068,1
ID_615,93.67893120533887,59.98011478349187,Low,High School,Low,No,2.935098037705272,1
ID_616,96.04362002659066,80.1692173118914,Low,No High School,Moderate,No,14.841384743101363,0
ID_617,53.05389799274319,99.64836167327005,Low,Some College,High,No,4.793725022772287,1
ID_618,63.843882407360184,79.71035139096271,Low,Bachelor's,High,Yes,8.054147489602482,1
ID_619,90.31006398965306,73.46700504220149,High,Some College,Moderate,No,10.532284154122072,0
ID_620,87.41298451918291,83.83903061435477,Low,No High School,High,Yes,14.783895200553093,1
ID_621,59.226050967818864,67.91233673702308,Middle,Some College,High,Yes,3.1513932419233823,1
ID_622,60.467466166835514,43.60854055604711,High,High School,Moderate,No,8.720961700271769,1
ID_623,68.5236051395691,73.73780895267458,Middle,High School,Low,No,10.216385273711213,1
ID_624,74.22614925955106,97.45751707032281,High,Bachelor's,Moderate,No,11.275714215459255,0
ID_625,80.9127385765148,50.51817654145958,Low,High School,High,Yes,16.548852186509116,1
ID_626,68.44568197848862,81.40029344923994,High,High School,Moderate,No,4.261885705821121,1
ID_627,73.1267358066574,52.05602131954339,Low,No High School,Moderate,No,16.348797584705824,1
ID_628,87.37354690668784,72.14966106838487,Middle,Bachelor's,Moderate,No,14.164690126236392,0
ID_629,51.834160144529896,45.800586978803175,Middle,Some College,Moderate,No,11.561545469780228,1
ID_630,62.62184721720104,67.02225617549111,Low,Some College,Moderate,Yes,14.291029537648866,1
ID_631,85.66747929422762,85.36979973371476,Middle,Some College,Low,No,8.828337040081472,0
ID_632,94.76034188435997,60.85429145433892,Middle,No High School,Moderate,No,3.629554133394367,0
ID_633,75.58387210578331,79.89470346923308,Low,High School,High,Yes,13.649539565041978,1
ID_634,76.60567426326578,87.72699764738375,Low,High School,High,Yes,10.968773827026823,1
ID_635,55.358600566988805,95.63066916876716,Middle,No High School,Low,Yes,13.148121210312734,1
ID_636,72.37061834117273,54.078524911327214,Middle,High School,High,Yes,7.42197683954131,1
ID_637,76.63086332275115,63.958954948558485,High,Bachelor's,Moderate,No,18.230464969456882,0
ID_638,62.12352518173648,49.14496079982504,Middle,No High School,Moderate,No,12.160027502935963,1
ID_639,63.46216154746905,99.5490101295025,High,High School,Moderate,Yes,2.6226472015266027,1
ID_640,68.86420815523113,95.62005807545772,Middle,High School,High,Yes,9.546275823384144,1
ID_641,51.003559888886315,72.39742781683358,Low,High School,High,No,15.370765040129053,1
ID_642,66.10395827915892,90.52199766258528,Low,Bachelor's,Moderate,No,16.088556672913175,1
ID_643,60.572400349827234,71.25747863632253,Middle,High School,High,No,10.397344002511417,1
ID_644,66.37486760889573,77.41514128016559,Middle,High School,Low,No,18.000203845794722,1
ID_645,55.98810659096256,45.34746592696099,Low,Some College,Moderate,No,6.0857003066916535,1
ID_646,94.52636403699475,85.31622522980848,Low,No High School,Moderate,Yes,8.801375247527066,1
ID_647,79.67962267770244,47.66280901811409,High,High School,Moderate,Yes,18.07334130081043,1
ID_648,83.95511595722448,89.5640578151517,Middle,High School,Low,No,18.02887761296,0
ID_649,89.45856193036691,86.92168526022316,Middle,Some College,High,No,14.028542607668937,0
ID_650,74.92210994645286,82.52468186457858,Middle,Postgraduate,Low,No,17.320630395322183,0
ID_651,54.34601440437118,42.169622831485725,Low,Some College,Low,No,2.6866920721684204,1
ID_652,76.85532709092739,58.187701356719714,Low,High School,Moderate,No,17.43490454794775,1
ID_653,79.34205590104395,55.78675419465057,Low,Bachelor's,Moderate,Yes,7.091778224454308,1
ID_654,87.2719737092165,61.60818444829114,Low,No High School,High,No,4.38829873613611,0
ID_655,71.58297731148397,45.25856480583031,Middle,No High School,Moderate,Yes,5.54802689049888,1
ID_656,56.37901513977819,96.21746938186376,Middle,High School,Low,Yes,8.941401652263854,1
ID_657,64.18879528993622,73.22813444274257,High,High School,High,No,5.772648087484877,1
ID_658,68.15411481993175,58.33145863948141,High,Some College,Moderate,No,7.090784134313481,1
ID_659,82.29586206658007,63.818891024457,Low,Some College,Low,No,3.5645912353612,0
ID_660,78.53891523344559,66.83215243029014,Middle,Bachelor's,Moderate,No,6.627358545620972,0
ID_661,67.80483629489231,76.03566000163704,Middle,Some College,Moderate,Yes,11.873392476298022,1
ID_662,99.32576243964898,70.94076566178987,High,Some College,Moderate,Yes,9.395220453730214,0
ID_663,80.28874096784436,95.16351839286504,Low,No High School,Moderate,No,7.587656463482312,0
ID_664,61.86133958679972,69.81780897434982,Middle,No High School,High,No,15.182590448285165,1
ID_665,55.089123631020186,99.52948088939877,Middle,Some College,High,No,17.97668945647304,1
ID_666,57.642956959216605,91.08549746470575,Low,High School,Moderate,No,15.378995235145544,1
ID_667,62.29788641922541,52.51063086144015,Low,Bachelor's,Low,No,7.308013340235904,1
ID_668,58.03406866297779,95.83571287863498,Middle,No High School,High,No,15.14440118891352,1
ID_669,59.32835120256529,46.98198387312856,Middle,No High School,Moderate,Yes,3.887623467006973,1
ID_670,64.25475843469235,89.04698250947149,Low,High School,Moderate,No,3.4760417737345275,1
ID_671,58.66867976473774,62.837397608594806,Middle,High School,Moderate,No,7.566913703687019,1
ID_672,94.83827123132126,92.67845922670418,Low,No High School,High,Yes,16.346345011837084,1
ID_673,54.01168728308211,92.08340140644702,Middle,Some College,Moderate,No,5.680616697603735,1
ID_674,76.22556947851274,88.35552400705727,Low,No High School,Low,No,2.201814769074912,0
ID_675,70.51984134948307,87.40182617842368,High,Some College,Moderate,No,3.5024811689207467,0
ID_676,99.11893084543033,58.280748345882444,Low,High School,High,Yes,17.316154402062022,1
ID_677,55.60194510840262,44.85515698307513,Low,No High School,Low,No,13.041882410198465,1
ID_678,69.89277995228709,64.17881072590968,Low,High School,High,Yes,5.8108221040295565,1
ID_679,98.47352166376845,50.41147089919052,Low,Bachelor's,Moderate,No,11.550620681235445,1
ID_680,93.27535629469901,81.69706533414771,Middle,High School,Moderate,Yes,11.024012826081657,0
ID_681,90.85360354746399,60.76598359226713,Low,Some College,Low,Yes,13.453283590372564,1
ID_682,62.895141352246995,98.53661205159489,High,No High School,Low,No,5.43056353401071,1
ID_683,58.54437936950329,78.45832464071992,Low,Some College,High,No,17.423656756693557,1
ID_684,83.43216099622154,89.34883381806165,Low,High School,Low,Yes,6.878002679520244,1
ID_685,96.46879945637929,47.95148036451091,Low,Some College,Moderate,Yes,14.1885014255485,1
ID_686,77.83814465069649,91.72086893635736,Low,Some College,Moderate,No,1.306368281072083,0
ID_687,78.580634473495,95.36543143080365,Low,Bachelor's,Low,No,8.080485467988797,0
ID_688,63.998954683014205,69.22371512913615,Middle,High School,Low,No,7.682486541217358,1
ID_689,88.47464665959684,76.37517626505866,Middle,No High School,Moderate,Yes,11.326204143077275,0
ID_690,59.35218742787617,85.88858805417973,Middle,No High School,High,No,2.3819889737667337,1
ID_691,66.18396182021218,50.49031763562475,Middle,Bachelor's,Moderate,Yes,16.012496100796056,1
ID_692,71.27182193082083,70.15396458780654,Middle,Some College,Moderate,Yes,5.137835233583802,0
ID_693,75.38051893422275,63.919781666338785,Low,Some College,Moderate,No,13.863718482758195,0
ID_694,62.12048662075401,48.782439529734944,Middle,High School,Moderate,No,16.26103034163777,1
ID_695,55.74184123696018,62.05206533749188,High,High School,Moderate,No,11.67566216858875,1
ID_696,80.53100212208163,44.09033856312961,Middle,No High School,High,No,15.076780927717724,1
ID_697,64.43152766201278,41.54871441696922,Middle,Postgraduate,Moderate,No,13.575345932085105,1
ID_698,79.06191107113061,48.109977349289366,Low,Some College,Moderate,No,7.7550661458881445,1
ID_699,57.718135763710116,97.78690669535044,Middle,Bachelor's,Low,No,16.36831224163774,1
ID_700,74.05700509274087,72.97177215370101,Middle,High School,High,Yes,6.599326027825032,0
ID_701,76.62947162757929,97.94932966919319,Middle,Some College,Low,Yes,11.853045437278826,0
ID_702,52.591176841121346,65.94987269980791,High,Some College,Low,No,15.162557043689251,1
ID_703,66.83021390969603,58.70896798511558,Low,High School,Moderate,No,8.200162286437644,1
ID_704,56.72073384694871,70.36851177041464,Low,Bachelor's,Moderate,Yes,6.752584544731076,1
ID_705,53.168748523638385,66.3707013179746,Middle,Bachelor's,Moderate,No,9.727574193283631,1
ID_706,99.49801161949726,46.33988105570464,High,Bachelor's,Moderate,Yes,16.54130639263392,1
ID_707,66.11769224873615,78.44957888141238,Low,Some College,Moderate,No,18.66851349976763,1
ID_708,90.49372229273175,52.96229095057598,Low,High School,Low,Yes,11.356584844337913,1
ID_709,62.732032738188195,77.17527729386978,Low,High School,High,No,13.567857901149385,1
ID_710,84.07513611119646,79.01206554388921,Low,Postgraduate,Moderate,No,18.16219882253937,0
ID_711,88.01139299448432,49.12149118771889,Middle,No High School,Moderate,Yes,2.8723901768459053,1
ID_712,79.78193703039221,43.680977626640086,Middle,Some College,Moderate,No,5.409492979457136,1
ID_713,73.57880942750792,86.84569516410639,Low,Some College,Low,No,14.469100118780066,0
ID_714,70.59204570736343,67.5880254261592,Low,Some College,Moderate,No,16.651144776333695,0
ID_715,67.44341332714977,43.48982773032855,Low,Postgraduate,Moderate,No,17.28355153828098,1
ID_716,96.4764572123913,99.69197903018602,Low,High School,Moderate,No,8.88703636024372,0
ID_717,91.53097038938645,43.466833659782,Middle,High School,Moderate,Yes,2.69745814354547,1
ID_718,98.25134553332563,81.7021137315132,High,No High School,High,No,9.31784806869278,0
ID_719,56.21486117427724,99.02073551580482,High,High School,Moderate,Yes,5.383957213934022,1
ID_720,86.54337376018222,54.350806252955536,Low,High School,High,Yes,6.532732644935859,1
ID_721,96.91702284105189,48.53496212123177,High,High School,Moderate,Yes,15.67308357991261,1
ID_722,59.061653308283006,47.283096365345735,Middle,Bachelor's,Low,No,2.4350146344918504,1
ID_723,53.32481336833887,58.196508854055736,Middle,Bachelor's,Low,No,16.72404313213334,1
ID_724,87.05603246450295,46.0627486606388,Middle,No High School,Moderate,Yes,9.125712630659212,1
ID_725,78.7236556589956,81.52968050164792,Low,High School,Low,Yes,12.325214690911306,1
ID_726,92.0914388379136,43.73750788780376,Low,Bachelor's,Low,No,2.703392393477901,1
ID_727,56.988618831314476,70.56532768898738,Low,No High School,High,Yes,7.409822488788313,1
ID_728,89.76336559299452,99.8018112311786,Low,No High School,High,Yes,2.70431746128207,1
ID_729,60.08136600238723,88.83821617036114,Low,No High School,Moderate,Yes,19.269330734741082,1
ID_730,58.18279714328523,76.91316629386066,Middle,Some College,Low,No,16.33797133719876,1
ID_731,58.21328989654965,58.3752172471967,Middle,No High School,Low,No,9.733022332772745,1
ID_732,90.72873601156911,77.43375017749831,Middle,Postgraduate,Low,No,5.248448418149751,0
ID_733,83.25986103481,71.6224878346991,Low,High School,Moderate,No,18.735646999747193,0
ID_734,76.15327123845597,65.56500303342229,High,Some College,High,No,7.547335318812464,0
ID_735,67.94152420617513,47.84262260441197,High,High School,Moderate,No,4.05870420206012,1
ID_736,93.86002704065541,93.196252914428,Middle,High School,Low,No,11.700123380625143,0
ID_737,69.62225537113177,66.98707892927935,High,Some College,Moderate,No,18.931708286551505,1
ID_738,90.82997197357886,51.6773507092459,Middle,Some College,Moderate,Yes,1.0727755195061288,1
ID_739,71.95674542851091,62.06556105263738,High,Some College,Moderate,Yes,5.524372021825976,0
ID_740,68.84722147124538,64.84778515173562,Low,Some College,Moderate,No,18.830505167797746,1
ID_741,73.13398928348032,89.65227373401245,Low,Bachelor's,Moderate,No,4.250633370286079,0
ID_742,65.0688937082071,84.01686283368412,Low,Bachelor's,Low,No,3.151625581156577,1
ID_743,87.38046900881255,86.15829361848039,Low,Some College,Low,No,11.833557100196284,0
ID_744,75.13601950462396,40.661875865718834,Low,No High School,High,No,17.375032642601766,1
ID_745,61.61063475734086,64.96923989078569,Middle,No High School,Low,Yes,10.065086536184596,1
ID_746,94.97872866372842,68.88064909811942,Middle,High School,Low,No,19.89672087700597,0
ID_747,69.19456106866056,41.1515366093834,Middle,Some College,Low,No,13.904262291221864,1
ID_748,77.17764305569943,55.58879252470206,Low,High School,Low,No,2.407423236998507,1
ID_749,95.32360554822735,85.6173893873281,High,High School,Moderate,No,19.86381050195753,0
ID_750,81.21189979569961,48.22658234373994,Middle,Bachelor's,High,No,8.749990498823617,1
ID_751,55.8449020354182,72.11860788715549,Low,Bachelor's,Moderate,Yes,6.4606481430641685,1
ID_752,96.99160618067376,52.91211232103425,Middle,Bachelor's,Moderate,No,11.599704487979826,1
ID_753,81.38540265357089,40.727246478633596,Low,High School,Moderate,Yes,6.781844244596422,1
ID_754,66.7452807328543,54.472087455972485,Low,Some College,Moderate,No,2.642692635282894,1
ID_755,56.96360363316936,98.55242529460322,High,High School,High,No,1.0271385185043576,1
ID_756,89.7012594635148,88.09222671297937,Low,No High School,High,No,9.542083705484984,0
ID_757,81.00363779642568,97.574598659262,Middle,No High School,Low,No,16.900405022305254,0
ID_758,76.67305459881608,69.27124263558174,High,High School,Moderate,No,11.873988526971454,0
ID_759,94.69462915254789,46.584171920650206,Middle,High School,Moderate,No,19.984938679925378,1
ID_760,89.42986056122655,72.87756933842158,Low,Bachelor's,High,No,6.4500862672968,0
ID_761,57.58374398663756,67.26264007359765,Low,No High School,Moderate,No,6.328646230441051,1
ID_762,65.5861033897774,90.66142496437695,Low,Some College,High,No,4.03523974444494,1
ID_763,62.424456990723286,45.88495484705467,Middle,Some College,Moderate,No,4.117208177041368,1
ID_764,87.19731462863385,69.29446822130669,Middle,High School,Low,Yes,6.418545324190909,0
ID_765,51.67662173678897,49.00291988163906,Low,High School,Moderate,No,16.063960860197014,1
ID_766,78.49448424356582,59.480555613403595,High,High School,High,No,18.20937902209251,1
ID_767,88.12293428703452,84.24142464326798,Middle,Some College,High,Yes,19.526656224445944,0
ID_768,93.83828183808748,68.561087762126,Low,High School,Low,Yes,5.4135034278326,1
ID_769,67.10408743579538,62.553297108746165,Middle,No High School,Moderate,Yes,17.74465336666774,1
ID_770,91.06286523360063,63.66857671420212,Middle,No High School,Moderate,No,7.236846696269404,0
ID_771,55.53158684776036,67.5668061043592,Low,Some College,Low,No,3.143970345820804,1
ID_772,92.3226145867259,87.10099263022342,Low,Bachelor's,Moderate,No,17.530473584883147,0
ID_773,56.37443311659912,93.52508133641406,High,High School,Low,Yes,13.086007058228754,1
ID_774,69.86436452801837,97.3200811902357,Middle,Some College,High,No,4.129887025540173,1
ID_775,89.86476828897767,87.2142031753177,Middle,Some College,Moderate,Yes,9.166793892747048,0
ID_776,57.49587136743869,58.924413744880766,Middle,Bachelor's,High,No,6.457896202664285,1
ID_777,61.462569761632075,81.28808236519254,Low,Bachelor's,Low,No,14.999096805493743,1
ID_778,86.1126284196533,66.25618744332351,Low,Some College,Moderate,Yes,9.614908381861094,1
ID_779,86.00182682730372,55.28023732276307,Middle,Some College,Low,No,19.796318957021313,1
ID_780,82.05738164426486,90.45229476555537,Low,Bachelor's,Low,Yes,2.0401546629323075,1
ID_781,84.697422223355,42.3055809377395,Low,High School,Low,No,7.745290056588686,1
ID_782,77.13622216737981,94.1057195281254,High,High School,Low,No,10.156103175089571,0
ID_783,62.58995294534763,67.68864787748404,High,No High School,Moderate,No,10.559537540218075,1
ID_784,67.28479967519597,78.23208860849682,Middle,Bachelor's,Low,Yes,7.002780625327099,1
ID_785,59.079885840071285,79.56123533234697,High,Bachelor's,Moderate,Yes,14.855564732853793,1
ID_786,95.42252806668142,93.70706444239218,Low,No High School,Moderate,No,17.62019439629052,0
ID_787,79.16958973830603,78.20018093003245,High,Some College,High,Yes,18.8356667375794,0
ID_788,70.042570838182,76.8360150856037,Low,High School,High,No,16.296774159190996,0
ID_789,73.10029018220663,43.999122433641396,High,No High School,Moderate,No,17.16102374882539,1
ID_790,97.36416698059077,71.10448131671225,High,Postgraduate,Moderate,Yes,11.460360711779915,0
ID_791,57.66757015580401,49.010140049022496,Middle,High School,Low,Yes,16.691876302109478,1
ID_792,79.31149160083986,84.24602612328914,High,No High School,High,No,6.766574273811092,0
ID_793,75.2944339442233,70.73331524876048,Middle,Some College,Low,No,8.571096480075074,0
ID_794,80.57271177173239,80.8136667525012,Low,Some College,Low,No,7.021347262552342,0
ID_795,50.90550919104203,42.50037403614306,Middle,No High School,Low,No,9.880359373510583,1
ID_796,93.60619544720757,45.087520962748194,Middle,Some College,Moderate,No,6.426012708534091,1
ID_797,96.60591412418063,82.97940328376094,Low,Some College,Low,Yes,19.27061740283449,1
ID_798,78.25665917946044,44.325060159920405,Middle,No High School,Moderate,No,6.944047932107694,1
ID_799,84.8325411938446,44.27540366591552,High,No High School,Low,No,2.862846224107857,1
ID_800,96.12496905886479,40.72650851409325,Low,Some College,Moderate,Yes,11.009526154957854,1
ID_801,85.36193171566993,97.39008389796881,Middle,High School,Low,Yes,2.0848824904583507,0
ID_802,57.62695214571307,84.25050156754043,High,Bachelor's,Low,Yes,3.10032015986303,1
ID_803,78.81441800834065,61.19508451012385,High,Bachelor's,High,Yes,5.16839839472868,0
ID_804,80.3357523191428,57.792134877259315,High,Postgraduate,Low,No,9.822654747760692,1
ID_805,71.2065335651193,60.982193784750976,Middle,High School,High,No,9.23176771387153,0
ID_806,86.82221178123615,86.47921187087091,High,Postgraduate,Moderate,Yes,16.194145378053033,0
ID_807,96.71835073845074,79.68223666422486,Middle,High School,Low,No,15.050018423798154,0
ID_808,96.27842564533881,51.11173407204808,Low,High School,High,No,9.100047585823326,1
ID_809,72.5419685702066,50.44656012004506,Middle,No High School,Low,No,7.340379943936968,1
ID_810,55.661902292037766,45.90373898280384,Middle,No High School,High,No,7.012906897168473,1
ID_811,99.24205994811672,79.61816318208028,Low,Some College,Low,Yes,15.705906658586171,1
ID_812,91.94490432229671,85.86235973330416,Middle,High School,High,No,1.989375718204125,0
ID_813,56.233134060163344,55.90278569950024,Middle,High School,Low,No,1.2436113407015106,1
ID_814,96.04209413086862,41.256697661854766,Low,Some College,Moderate,Yes,16.115343446606314,1
ID_815,93.49481810310641,44.93030004858564,Middle,High School,Moderate,Yes,10.065781143791936,1
ID_816,75.94190285630361,98.07160209070183,Middle,Some College,High,Yes,3.4867416325179432,0
ID_817,79.56377178724647,57.72668664864521,Middle,High School,High,Yes,5.475752757295524,1
ID_818,69.95013519350651,86.15338887028801,Low,Bachelor's,High,No,18.71757510885027,1
ID_819,52.73808194110157,77.47981413125584,Low,Bachelor's,High,No,17.33055653687306,1
ID_820,66.75986208229504,62.91637837917375,Low,High School,Low,No,14.485915954255479,1
ID_821,90.14267242990057,52.341235731733306,High,High School,Low,No,10.162279376409204,1
ID_822,50.23160115023014,47.283185089564384,Low,High School,Low,No,10.886148897636328,1
ID_823,66.6749585845572,76.900778082332,Middle,Bachelor's,Moderate,No,19.529646170395214,1
ID_824,69.90843467954717,86.47802683826728,Low,High School,Moderate,No,19.349638433801456,1
ID_825,76.86978014689615,78.63425521246785,Low,High School,Moderate,Yes,5.090111869930851,1
ID_826,95.99278082063802,71.81812799494949,High,No High School,Low,No,16.410986759801045,0
ID_827,67.31729971829806,42.517073405898174,Middle,High School,Moderate,No,4.747610657173319,1
ID_828,67.34766009481139,98.10932665566303,Low,High School,Low,Yes,5.057212079795076,1
ID_829,86.87506240548743,87.92285149927447,Middle,Bachelor's,Moderate,No,13.845767649126959,0
ID_830,72.61089704449036,57.56932220205788,Low,High School,Moderate,No,8.695020873163418,1
ID_831,61.2302411469991,98.79821976153104,Middle,High School,Moderate,No,18.699343735023884,1
ID_832,72.62197580663467,76.11289537817933,Middle,Bachelor's,Moderate,No,2.6911849630241678,0
ID_833,57.04285101898999,74.94535949243479,Low,Bachelor's,Moderate,No,10.718987175380368,1
ID_834,58.819349325311165,84.88439076577193,Low,High School,Low,No,18.451909078419302,1
ID_835,74.91838863697399,88.70618728540825,Low,High School,Moderate,No,18.178159549110596,0
ID_836,70.9462724752274,79.38871643989016,High,High School,Low,No,3.9740550548990834,0
ID_837,95.742295053405,47.685744781972005,High,Bachelor's,Moderate,No,7.966116301832673,1
ID_838,68.11969495583165,60.296050359669906,Low,No High School,Moderate,No,12.763306600887228,1
ID_839,79.02941751390217,95.685018419563,Middle,Bachelor's,Low,No,4.028502810656642,0
ID_840,81.61321439597651,53.476936710631115,Low,Some College,Low,No,19.392421268869036,1
ID_841,50.654722829416684,62.330021430250795,Low,Some College,High,No,18.380237245825548,1
ID_842,83.17686860083553,65.92461297665176,Middle,No High School,High,Yes,4.172053401654915,0
ID_843,58.90179834348757,66.36429938166714,High,High School,Moderate,Yes,3.301953763958723,1
ID_844,98.05351587347275,76.77637494967152,High,High School,Low,Yes,2.6227611733570404,0
ID_845,57.43313638765565,96.58455026468246,Middle,No High School,Low,No,18.279429616695992,1
ID_846,70.73120618635119,54.4415627099503,Low,Some College,Moderate,Yes,4.678852386113755,1
ID_847,54.26748340393219,47.290082578055085,Middle,Postgraduate,High,Yes,8.90941364234274,1
ID_848,99.84371259229736,51.848229391596234,Low,Some College,Low,No,9.528175947388057,1
ID_849,75.10975051656213,93.21549401255618,Middle,Some College,Moderate,No,12.381209840057783,0
ID_850,79.76925086600218,78.74864875931236,Low,No High School,Low,No,2.362971531201074,0
ID_851,53.353823869421376,57.15440735434961,Middle,High School,High,Yes,5.308413730609803,1
ID_852,87.49802351995889,88.95681633811704,Low,No High School,Moderate,No,18.698317351459593,0
ID_853,60.49527965477929,91.68219978180616,Low,Some College,Moderate,No,18.25979203810282,1
ID_854,94.90271447203568,90.79086032141669,High,Bachelor's,Moderate,No,15.844522300708151,0
ID_855,60.25698202410036,95.13559201837327,Low,Some College,Moderate,No,1.3686236667460934,1
ID_856,59.534386033183324,55.134461210401696,Middle,No High School,Low,No,7.21312860142594,1
ID_857,51.827483392404744,85.3025157247767,Low,High School,Low,Yes,12.931215971515249,1
ID_858,73.60334725549995,67.6323698364484,Low,Some College,High,Yes,6.228614023696038,1
ID_859,78.24205666313082,90.5199131734037,Low,High School,High,Yes,18.28214720602177,1
ID_860,53.285431971417616,83.70944062969679,Low,Bachelor's,High,No,13.043899774816396,1
ID_861,88.77638083475053,86.58684678998347,High,Bachelor's,Moderate,No,2.3662276290124664,0
ID_862,72.66444173740138,79.36971026086428,Low,Some College,High,No,18.271106187878356,0
ID_863,76.219513466379,50.645726168182414,High,High School,Low,Yes,19.197566505348227,1
ID_864,72.03813734691141,72.70161513381629,Middle,High School,Moderate,No,2.476535949442784,0
ID_865,70.0381530437663,99.0801843714705,Middle,No High School,Moderate,No,11.114844462364983,0
ID_866,77.9820165654109,96.24328398982713,Middle,High School,Moderate,No,6.763921362069238,0
ID_867,57.76201229653562,42.5904241478207,Middle,High School,Moderate,No,8.463942453146645,1
ID_868,59.09640652476355,49.888888943766226,Middle,Some College,Low,Yes,4.413373141151496,1
ID_869,93.08928105067587,47.903726407273716,Low,Some College,Moderate,No,11.983369938235839,1
ID_870,97.30577310668164,83.55879459911773,Low,No High School,High,No,19.201607711728922,0
ID_871,68.66546581398765,89.0671197914167,High,High School,Moderate,Yes,10.558379405160572,1
ID_872,63.53723365717769,52.81068197864032,High,No High School,Low,Yes,2.575377046495142,1
ID_873,82.19997716195078,70.35116157710974,High,No High School,Low,No,12.780025336070759,0
ID_874,70.43670855490481,90.44218168067201,Middle,Bachelor's,Low,No,7.464236894573884,0
ID_875,51.26931778301724,83.96809268597504,Middle,No High School,Low,No,17.262578602234658,1
ID_876,57.80762986830952,72.5342323295109,Middle,High School,Moderate,Yes,9.258884818012934,1
ID_877,85.79861144236988,75.42086142752638,Middle,No High School,Moderate,No,4.6639525699026665,0
ID_878,82.94619709550757,70.5016328149768,Low,Bachelor's,Moderate,No,4.631006831131754,0
ID_879,51.354799625174174,57.85290707912924,Middle,Some College,Moderate,No,15.606519433702047,1
ID_880,61.098608096647474,73.90131957154097,Low,High School,High,No,6.046164367839838,1
ID_881,61.55373982940357,81.33311812300545,Low,Some College,Low,Yes,15.577434489025237,1
ID_882,83.59463717993643,92.39937495164847,High,Some College,Moderate,No,4.911858904565388,0
ID_883,50.98552688771821,78.1774812387549,Low,Postgraduate,High,No,7.112041005324879,1
ID_884,55.205429099228695,85.66729222258948,Low,High School,Low,No,9.844252476354288,1
ID_885,89.99580426865947,49.60429809727438,Low,Bachelor's,Low,No,18.920721144175563,1
ID_886,58.927233102716684,67.6934484651874,High,Bachelor's,High,No,18.702897070322667,1
ID_887,82.63730539259373,40.559897189625595,Middle,Bachelor's,Moderate,No,4.930565633023468,1
ID_888,61.90913905233633,54.80073187129738,Middle,Some College,Moderate,No,7.806161783618383,1
ID_889,54.97206963796726,83.5877029067803,High,Some College,Low,No,3.8385883806216743,1
ID_890,62.1586095499727,99.5085970809618,High,High School,Moderate,No,10.689716506956445,1
ID_891,86.11334659278296,45.95068597523296,Low,Some College,Moderate,No,9.751068463198665,1
ID_892,92.78482340531428,64.0896589516773,Middle,Some College,Low,No,18.114443086563917,0
ID_893,91.51099322834958,88.00425812194956,Middle,Some College,Moderate,No,18.67010217803038,0
ID_894,69.85917648092274,52.24213807773393,Middle,High School,Low,Yes,8.28778042913855,1
ID_895,83.40425682853231,73.30509695813717,Low,Some College,Moderate,No,10.3430209173608,0
ID_896,60.24921477079105,83.98427776178049,High,Bachelor's,Low,Yes,18.028488733776527,1
ID_897,64.65738651305067,76.95912701561073,Middle,No High School,Low,No,16.327448347156167,1
ID_898,94.81679092605599,51.28148407692497,Low,Bachelor's,Low,No,1.0694699155483363,1
ID_899,50.6500961755368,61.323074121144366,Middle,Some College,Low,No,7.081131719488067,1
ID_900,54.2754265427234,87.02750706912383,Low,Bachelor's,High,No,9.013710596786392,1
ID_901,60.394312757301364,73.253590847921,Low,High School,Low,No,5.3646093899814025,1
ID_902,51.32661019369099,40.313776812574766,Middle,High School,Moderate,No,4.791860702022836,1
ID_903,59.071771754489866,85.65944560168563,Low,Bachelor's,Low,Yes,1.7179056253179137,1
ID_904,79.15207804848461,42.118681296414344,Middle,High School,Moderate,No,13.22402477632545,1
ID_905,71.0712275296249,84.74402696387392,Middle,Bachelor's,High,Yes,5.987695519180147,0
ID_906,94.63358555384875,52.14883360991425,Low,High School,Low,No,1.9945963901949488,1
ID_907,90.87217808692205,97.48440880716282,High,Some College,High,No,5.388606900033209,0
ID_908,67.0908675848938,62.07644507812507,Low,High School,Low,No,16.236365103886406,1
ID_909,62.971171671564626,59.615896980284745,Low,Some College,Moderate,Yes,17.178294451284387,1
ID_910,68.98462040836334,48.93328301994668,Low,High School,Moderate,Yes,10.17825865867275,1
ID_911,79.51474712574039,58.33625292941289,Low,No High School,High,No,8.905342737765038,1
ID_912,63.403182041143815,92.59904570969204,Low,High School,Moderate,No,19.579220176533852,1
ID_913,81.2074453924567,99.78006025763483,Middle,No High School,Moderate,No,4.810728532173329,0
ID_914,70.47058260956203,62.098571830410904,High,Postgraduate,Low,No,5.091826374237561,0
ID_915,77.602359042599,66.91663785727255,Low,Postgraduate,Low,No,6.545476363691595,0
ID_916,71.80632645676583,83.32425629216422,Middle,High School,High,Yes,4.282389047340659,0
ID_917,64.72328797709588,93.17174682790447,Middle,Some College,Moderate,No,8.207946365879545,1
ID_918,97.42266534810784,75.58266005120706,High,High School,Moderate,No,18.305850312805322,0
ID_919,88.18028970798804,63.491541890669765,Middle,Some College,Moderate,Yes,12.69160897194291,0
ID_920,57.00565878832263,64.75731045091743,Low,Bachelor's,Moderate,No,8.826984423633009,1
ID_921,93.42339879489563,81.73708878980841,Low,Bachelor's,High,Yes,18.753805096853082,1
ID_922,74.37155991247567,40.19309581625672,Middle,High School,Moderate,No,1.9208204170406242,1
ID_923,94.72761134470457,77.17536024759045,High,Some College,Moderate,Yes,4.995247380135366,0
ID_924,89.99276279736577,61.329580626481444,Low,High School,High,No,11.75188349693342,0
ID_925,71.26067522346167,87.65183987662505,Low,Postgraduate,Low,Yes,12.695499840670404,1
ID_926,51.12346541600587,45.57943838938793,High,No High School,Low,No,1.7515926246896498,1
ID_927,63.4338679692473,75.29213601690343,High,Some College,Moderate,No,8.65773640023551,1
ID_928,77.08171073304334,68.85837339316743,High,Some College,Low,No,13.333925331786581,0
ID_929,81.67391099130737,78.53953155431364,Middle,Some College,Moderate,No,14.26334038166463,0
ID_930,62.894384271660115,43.8912156689781,Low,No High School,High,No,13.124658147809116,1
ID_931,56.96780370364121,74.79902724568788,Middle,Bachelor's,Moderate,Yes,7.090701262857566,1
ID_932,91.74651183996495,73.68907527757142,Middle,No High School,Moderate,No,2.7768823483602807,0
ID_933,99.22010903517761,73.63960566497025,Low,Some College,High,Yes,9.115136481967347,1
ID_934,76.28450911513428,76.20925999578729,Middle,High School,Moderate,No,3.446334309993054,0
ID_935,58.583964292415175,80.58807623358173,Middle,High School,Moderate,No,19.004849511892676,1
ID_936,63.61536632596845,88.29933998084618,Low,Some College,Moderate,No,10.028246454429937,1
ID_937,50.919533827373336,56.18924320769286,Middle,High School,High,No,7.027924312780484,1
ID_938,95.71494032802495,89.50296461080373,Middle,No High School,Moderate,Yes,15.559777351259102,0
ID_939,55.88755414450706,69.89534093580721,High,No High School,Moderate,Yes,10.461023259063014,1
ID_940,78.82582377571268,44.62349674805987,Low,High School,High,Yes,6.890646456236551,1
ID_941,63.7027610343603,43.51305575463875,Low,Some College,Moderate,No,16.427387105425233,1
ID_942,77.70890012578967,60.05429912176365,Middle,Bachelor's,Moderate,Yes,17.475890869021317,0
ID_943,82.57101941759322,87.09381862668806,Low,No High School,High,Yes,13.787155159484863,1
ID_944,91.48709018536007,82.46085608445495,Middle,High School,Moderate,No,1.8923240257456786,0
ID_945,60.32106358803016,87.31689788034438,Middle,No High School,Moderate,No,11.76013472316411,1
ID_946,50.549791432924025,71.03614338649656,Low,No High School,High,No,15.50260332794835,1
ID_947,56.844281503440364,66.41193987732943,Middle,Some College,Moderate,No,3.593557229588061,1
ID_948,95.00093209240526,48.84715160237704,Middle,Some College,Moderate,Yes,5.3447442763074635,1
ID_949,93.69450387812577,59.69156521655869,Low,No High School,High,No,17.767406996294593,1
ID_950,79.87065510851542,66.04116197043251,High,High School,High,No,1.3823127152084067,0
ID_951,80.02584302168268,45.31602578077703,High,No High School,Moderate,Yes,15.301815618693544,1
ID_952,83.25183372731277,53.236717162672676,Middle,Bachelor's,Low,Yes,10.001692557774035,1
ID_953,58.76856393117248,75.89351764382434,Middle,Postgraduate,Moderate,No,9.48867101795253,1
ID_954,95.72059729624799,84.1397868543514,Middle,No High School,Moderate,No,1.1348341174028564,0
ID_955,70.93852624460365,99.90085068357698,High,High School,Moderate,Yes,16.568566388363365,0
ID_956,69.15692641247487,95.98679988061346,Middle,Bachelor's,Moderate,No,7.836673112094763,1
ID_957,75.94588526414188,78.5539119721115,Middle,Bachelor's,Moderate,No,11.274546994710315,0
ID_958,52.348298338752755,65.27488319764433,High,High School,Moderate,No,13.868713040377529,1
ID_959,58.31416843780397,78.17064188249395,Low,No High School,Low,No,14.3499619523204,1
ID_960,86.90168082131852,87.13909708481393,High,No High School,Moderate,No,19.163621117695374,0
ID_961,54.139933396256325,47.10017145540324,Low,Some College,Moderate,No,11.095459111495574,1
ID_962,80.1576054733194,64.59429338177729,Low,High School,Low,No,8.594671468514123,0
ID_963,62.26745548406605,90.38813713813704,Low,No High School,Low,No,19.12036890334245,1
ID_964,69.46478070209884,63.02997711598264,High,Some College,Moderate,No,13.2000944654849,1
ID_965,64.43468683853499,74.31233627363119,High,No High School,Moderate,No,6.664856769254556,1
ID_966,67.78363582324747,75.26616165173189,Middle,Some College,Low,No,3.402820662667852,1
ID_967,85.95229525921228,51.06857518801836,Middle,High School,High,No,17.008535527838443,1
ID_968,64.85608578115875,61.734126499137304,Middle,No High School,Moderate,Yes,7.881450453088879,1
ID_969,78.32023201484486,60.07067732451593,High,Some College,High,No,13.548924705924192,0
ID_970,73.80252010995498,41.571802511923885,Middle,High School,Moderate,No,9.945511967952065,1
ID_971,83.1835582681324,41.45150583348131,Low,Postgraduate,Moderate,No,4.779665816105728,1
ID_972,96.84148696623791,89.9018226205464,Low,Some College,High,Yes,12.432045563788837,1
ID_973,86.62860486051252,56.38424859836874,Middle,High School,Moderate,No,2.152978310062964,1
ID_974,60.74701892953784,71.08472597432893,Middle,Some College,Moderate,No,8.853506737552653,1
ID_975,51.55915675306424,57.92353441532639,Low,High School,Low,Yes,11.38568385360975,1
ID_976,63.113202214991254,96.44075470692043,Low,Bachelor's,Moderate,No,9.284892508253002,1
ID_977,79.75389653501274,55.55780553194643,High,High School,Low,Yes,15.224771329768826,1
ID_978,52.57129067421252,65.7794087643361,Low,Some College,Low,Yes,16.730574136360936,1
ID_979,74.81831236006181,92.36381502907611,Middle,No High School,Low,No,15.653618406630383,0
ID_980,79.84214244584446,90.51601400750852,High,High School,Low,No,1.7374460084242402,0
ID_981,66.71219454084805,51.16608507077664,Middle,Bachelor's,High,No,4.688446638473472,1
ID_982,88.54561018729109,88.15859858774263,Low,Bachelor's,Low,Yes,11.195542676011712,1
ID_983,55.32991265668859,67.49121320427356,Middle,High School,Moderate,No,18.761618768432225,1
ID_984,53.75688908679044,68.97813232512131,High,High School,High,Yes,16.86417872599022,1
ID_985,86.40943781018017,48.00879834495663,Middle,Bachelor's,Moderate,Yes,17.00815565868423,1
ID_986,74.77456581030992,44.836090825427476,High,Bachelor's,Low,Yes,6.760955681433823,1
ID_987,84.4201198213868,83.6763584184259,Low,No High School,Moderate,No,9.159510044495349,0
ID_988,71.74136693018731,69.78766914131799,Middle,High School,Moderate,No,9.94341299900281,0
ID_989,62.32010166195534,66.21104215691076,Middle,High School,Moderate,No,3.990060083648298,1
ID_990,90.95511588371,83.7704937191438,High,Bachelor's,Moderate,No,1.5902944746446699,0
ID_991,89.97079394844897,85.93077393946658,Low,No High School,High,Yes,18.99115508974982,1
ID_992,84.73482354272133,49.53449006016122,High,High School,Moderate,No,5.573539127606628,1
ID_993,63.607256861498136,76.61350896865848,Middle,Some College,Moderate,No,5.559029170748995,1
ID_994,79.51153334345435,48.12124493666113,Low,No High School,Moderate,No,2.584202021606431,1
ID_995,68.04869484700134,85.08250516174274,Low,High School,Low,Yes,18.641647286931793,1
ID_996,54.579103666331704,79.41730937602837,High,High School,High,No,12.015005183855667,1
ID_997,95.86567877311214,97.39687726500748,Low,High School,Low,No,13.673700285381724,0
ID_998,56.84093154594807,44.13748098138527,Low,High School,Moderate,No,18.319960857997998,1
ID_999,97.51186769104012,43.423283269075256,Low,Some College,High,No,7.566783209115001,1
ID_1000,72.30028864789779,56.93122448159201,High,No High School,Moderate,Yes,12.808638911623598,1
